time,temperature_2m,relative_humidity_2m,soil_moisture_0_to_7cm,shortwave_radiation,surface_pressure,latitude,longitude,node_id
2026-08-01T00:00,28.7,84,0.349,0.0,973.0,29.461664,77.460742,node_0_1
2026-08-01T01:00,28.8,83,0.349,0.0,973.0,29.461664,77.460742,node_0_1
2026-08-01T02:00,28.6,82,0.349,0.0,972.7,29.461664,77.460742,node_0_1
2026-08-01T03:00,28.4,82,0.348,0.0,972.8,29.461664,77.460742,node_0_1
2026-08-01T04:00,28.2,83,0.348,0.0,972.9,29.461664,77.460742,node_0_1
2026-08-01T05:00,27.7,90,0.346,0.0,972.6,29.461664,77.460742,node_0_1
2026-08-01T06:00,26.4,94,0.378,21.0,973.4,29.461664,77.460742,node_0_1
2026-08-01T07:00,27.0,91,0.398,85.0,973.3,29.461664,77.460742,node_0_1
2026-08-01T08:00,28.0,88,0.399,260.0,973.6,29.461664,77.460742,node_0_1
2026-08-01T09:00,28.8,84,0.397,426.0,973.5,29.461664,77.460742,node_0_1
2026-08-01T10:00,30.1,79,0.394,602.0,973.5,29.461664,77.460742,node_0_1
2026-08-01T11:00,30.5,78,0.392,733.0,973.3,29.461664,77.460742,node_0_1
2026-08-01T12:00,31.6,74,0.39,783.0,972.6,29.461664,77.460742,node_0_1
2026-08-01T13:00,31.0,74,0.394,810.0,972.2,29.461664,77.460742,node_0_1
2026-08-01T14:00,30.9,76,0.393,598.0,971.3,29.461664,77.460742,node_0_1
2026-08-01T15:00,31.5,71,0.39,558.0,970.7,29.461664,77.460742,node_0_1
2026-08-01T16:00,31.2,72,0.391,408.0,970.4,29.461664,77.460742,node_0_1
2026-08-01T17:00,31.3,74,0.312,247.0,970.4,29.461664,77.460742,node_0_1
2026-08-01T18:00,30.3,82,0.312,112.0,970.7,29.461664,77.460742,node_0_1
2026-08-01T19:00,29.5,86,0.312,15.0,971.5,29.461664,77.460742,node_0_1
2026-08-01T20:00,29.3,86,0.313,0.0,971.9,29.461664,77.460742,node_0_1
2026-08-01T21:00,29.0,87,0.313,0.0,972.9,29.461664,77.460742,node_0_1
2026-08-01T22:00,28.8,88,0.314,0.0,973.2,29.461664,77.460742,node_0_1
2026-08-01T23:00,28.9,83,0.303,0.0,972.7,29.461664,77.460742,node_0_1
2026-08-02T00:00,28.1,89,0.304,0.0,972.7,29.461664,77.460742,node_0_1
2026-08-02T01:00,27.7,89,0.304,0.0,972.9,29.461664,77.460742,node_0_1
2026-08-02T02:00,26.2,94,0.332,0.0,973.3,29.461664,77.460742,node_0_1
2026-08-02T03:00,26.1,96,0.335,0.0,972.8,29.461664,77.460742,node_0_1
2026-08-02T04:00,26.0,96,0.337,0.0,973.5,29.461664,77.460742,node_0_1
2026-08-02T05:00,27.2,92,0.409,0.0,973.2,29.461664,77.460742,node_0_1
2026-08-02T06:00,26.1,95,0.406,18.0,973.3,29.461664,77.460742,node_0_1
2026-08-02T07:00,26.8,93,0.403,117.0,973.7,29.461664,77.460742,node_0_1
2026-08-02T08:00,28.3,91,0.401,298.0,974.1,29.461664,77.460742,node_0_1
2026-08-02T09:00,29.5,86,0.398,466.0,974.1,29.461664,77.460742,node_0_1
2026-08-02T10:00,30.6,81,0.394,579.0,974.0,29.461664,77.460742,node_0_1
2026-08-02T11:00,32.1,73,0.389,721.0,974.0,29.461664,77.460742,node_0_1
2026-08-02T12:00,32.6,70,0.386,717.0,973.3,29.461664,77.460742,node_0_1
2026-08-02T13:00,31.9,72,0.384,764.0,973.2,29.461664,77.460742,node_0_1
2026-08-02T14:00,31.8,75,0.381,609.0,972.1,29.461664,77.460742,node_0_1
2026-08-02T15:00,32.4,69,0.379,567.0,971.6,29.461664,77.460742,node_0_1
2026-08-02T16:00,32.1,70,0.381,390.0,971.2,29.461664,77.460742,node_0_1
2026-08-02T17:00,28.1,88,0.372,257.0,972.5,29.461664,77.460742,node_0_1
2026-08-02T18:00,27.4,93,0.389,46.0,971.9,29.461664,77.460742,node_0_1
2026-08-02T19:00,27.5,94,0.395,8.0,972.9,29.461664,77.460742,node_0_1
2026-08-02T20:00,27.4,95,0.395,0.0,973.5,29.461664,77.460742,node_0_1
2026-08-02T21:00,27.3,95,0.393,0.0,974.2,29.461664,77.460742,node_0_1
2026-08-02T22:00,27.2,95,0.392,0.0,974.5,29.461664,77.460742,node_0_1
2026-08-02T23:00,27.3,95,0.369,0.0,974.1,29.461664,77.460742,node_0_1
2026-08-03T00:00,26.8,96,0.376,0.0,973.9,29.461664,77.460742,node_0_1
2026-08-03T01:00,26.1,96,0.377,0.0,973.4,29.461664,77.460742,node_0_1
2026-08-03T02:00,26.3,96,0.377,0.0,973.4,29.461664,77.460742,node_0_1
2026-08-03T03:00,26.7,97,0.377,0.0,972.8,29.461664,77.460742,node_0_1
2026-08-03T04:00,26.6,97,0.376,0.0,972.8,29.461664,77.460742,node_0_1
2026-08-03T05:00,26.9,97,0.363,0.0,972.7,29.461664,77.460742,node_0_1
2026-08-03T06:00,27.4,96,0.362,18.0,972.9,29.461664,77.460742,node_0_1
2026-08-03T07:00,27.2,92,0.381,105.0,974.2,29.461664,77.460742,node_0_1
2026-08-03T08:00,27.6,91,0.385,119.0,974.6,29.461664,77.460742,node_0_1
2026-08-03T09:00,28.2,90,0.386,293.0,974.6,29.461664,77.460742,node_0_1
2026-08-03T10:00,29.5,83,0.385,464.0,974.7,29.461664,77.460742,node_0_1
2026-08-03T11:00,31.4,79,0.38,580.0,974.7,29.461664,77.460742,node_0_1
2026-08-03T12:00,32.6,71,0.377,799.0,974.1,29.461664,77.460742,node_0_1
2026-08-03T13:00,33.1,67,0.373,779.0,973.9,29.461664,77.460742,node_0_1
2026-08-03T14:00,32.9,65,0.37,695.0,972.8,29.461664,77.460742,node_0_1
2026-08-03T15:00,32.6,67,0.367,630.0,972.5,29.461664,77.460742,node_0_1
2026-08-03T16:00,31.9,71,0.366,446.0,972.0,29.461664,77.460742,node_0_1
2026-08-03T17:00,31.3,79,0.337,225.0,971.8,29.461664,77.460742,node_0_1
2026-08-03T18:00,30.5,83,0.338,113.0,971.9,29.461664,77.460742,node_0_1
2026-08-03T19:00,28.5,90,0.349,14.0,972.9,29.461664,77.460742,node_0_1
2026-08-03T20:00,26.6,97,0.434,0.0,974.3,29.461664,77.460742,node_0_1
2026-08-03T21:00,26.4,96,0.439,0.0,975.0,29.461664,77.460742,node_0_1
2026-08-03T22:00,26.2,97,0.433,0.0,974.9,29.461664,77.460742,node_0_1
2026-08-03T23:00,26.7,99,0.409,0.0,974.9,29.461664,77.460742,node_0_1
2026-08-04T00:00,26.6,97,0.412,0.0,974.1,29.461664,77.460742,node_0_1
2026-08-04T01:00,26.8,98,0.41,0.0,974.1,29.461664,77.460742,node_0_1
2026-08-04T02:00,26.9,96,0.408,0.0,974.1,29.461664,77.460742,node_0_1
2026-08-04T03:00,26.4,96,0.414,0.0,974.3,29.461664,77.460742,node_0_1
2026-08-04T04:00,26.4,96,0.431,0.0,974.4,29.461664,77.460742,node_0_1
2026-08-04T05:00,27.3,97,0.385,0.0,973.7,29.461664,77.460742,node_0_1
2026-08-04T06:00,27.0,97,0.396,14.0,974.3,29.461664,77.460742,node_0_1
2026-08-04T07:00,27.7,93,0.396,109.0,974.7,29.461664,77.460742,node_0_1
2026-08-04T08:00,28.5,91,0.394,256.0,975.0,29.461664,77.460742,node_0_1
2026-08-04T09:00,29.3,88,0.393,349.0,975.8,29.461664,77.460742,node_0_1
2026-08-04T10:00,28.5,89,0.397,265.0,975.9,29.461664,77.460742,node_0_1
2026-08-04T11:00,29.5,86,0.442,310.0,975.9,29.461664,77.460742,node_0_1
2026-08-04T12:00,29.0,89,0.424,500.0,976.1,29.461664,77.460742,node_0_1
2026-08-04T13:00,27.9,91,0.421,159.0,975.2,29.461664,77.460742,node_0_1
2026-08-04T14:00,28.9,88,0.418,387.0,974.4,29.461664,77.460742,node_0_1
2026-08-04T15:00,29.5,83,0.416,468.0,973.6,29.461664,77.460742,node_0_1
2026-08-04T16:00,28.6,85,0.418,296.0,973.0,29.461664,77.460742,node_0_1
2026-08-04T17:00,29.5,80,0.409,156.0,972.9,29.461664,77.460742,node_0_1
2026-08-04T18:00,29.1,85,0.405,69.0,973.0,29.461664,77.460742,node_0_1
2026-08-04T19:00,28.3,91,0.404,9.0,973.5,29.461664,77.460742,node_0_1
2026-08-04T20:00,28.0,93,0.403,0.0,974.2,29.461664,77.460742,node_0_1
2026-08-04T21:00,27.3,91,0.402,0.0,974.9,29.461664,77.460742,node_0_1
2026-08-04T22:00,26.7,95,0.407,0.0,975.0,29.461664,77.460742,node_0_1
2026-08-04T23:00,27.3,94,0.4,0.0,974.2,29.461664,77.460742,node_0_1
2026-08-05T00:00,26.9,95,0.397,0.0,973.6,29.461664,77.460742,node_0_1
2026-08-05T01:00,26.6,96,0.396,0.0,973.2,29.461664,77.460742,node_0_1
2026-08-05T02:00,26.4,97,0.394,0.0,973.0,29.461664,77.460742,node_0_1
2026-08-05T03:00,26.5,91,0.393,0.0,972.9,29.461664,77.460742,node_0_1
2026-08-05T04:00,26.0,96,0.398,0.0,972.9,29.461664,77.460742,node_0_1
2026-08-05T05:00,25.8,96,0.416,0.0,972.3,29.461664,77.460742,node_0_1
2026-08-05T06:00,26.0,97,0.411,20.0,972.8,29.461664,77.460742,node_0_1
2026-08-05T07:00,26.9,93,0.407,135.0,973.1,29.461664,77.460742,node_0_1
2026-08-05T08:00,28.2,89,0.404,308.0,973.1,29.461664,77.460742,node_0_1
2026-08-05T09:00,29.3,81,0.401,463.0,973.0,29.461664,77.460742,node_0_1
2026-08-05T10:00,30.1,78,0.398,574.0,973.0,29.461664,77.460742,node_0_1
2026-08-05T11:00,31.3,75,0.395,748.0,972.9,29.461664,77.460742,node_0_1
2026-08-05T12:00,31.4,74,0.391,580.0,971.7,29.461664,77.460742,node_0_1
2026-08-05T13:00,31.8,71,0.388,527.0,971.4,29.461664,77.460742,node_0_1
2026-08-05T14:00,31.1,73,0.386,320.0,970.3,29.461664,77.460742,node_0_1
2026-08-05T15:00,30.3,78,0.39,379.0,970.4,29.461664,77.460742,node_0_1
2026-08-05T16:00,29.9,82,0.389,270.0,969.8,29.461664,77.460742,node_0_1
2026-08-05T17:00,30.3,84,0.385,207.0,969.8,29.461664,77.460742,node_0_1
2026-08-05T18:00,29.9,86,0.384,103.0,970.0,29.461664,77.460742,node_0_1
2026-08-05T19:00,29.0,93,0.383,11.0,970.8,29.461664,77.460742,node_0_1
2026-08-05T20:00,28.5,95,0.382,0.0,971.9,29.461664,77.460742,node_0_1
2026-08-05T21:00,28.2,95,0.381,0.0,972.5,29.461664,77.460742,node_0_1
2026-08-05T22:00,28.1,96,0.381,0.0,972.6,29.461664,77.460742,node_0_1
2026-08-05T23:00,28.4,94,0.38,0.0,972.1,29.461664,77.460742,node_0_1
2026-08-06T00:00,28.0,97,0.381,0.0,971.6,29.461664,77.460742,node_0_1
2026-08-06T01:00,27.7,97,0.38,0.0,971.5,29.461664,77.460742,node_0_1
2026-08-06T02:00,27.4,97,0.38,0.0,971.3,29.461664,77.460742,node_0_1
2026-08-06T03:00,26.9,97,0.38,0.0,971.5,29.461664,77.460742,node_0_1
2026-08-06T04:00,26.6,97,0.39,0.0,971.7,29.461664,77.460742,node_0_1
2026-08-06T05:00,26.6,95,0.396,0.0,971.1,29.461664,77.460742,node_0_1
2026-08-06T06:00,26.6,95,0.397,8.0,972.1,29.461664,77.460742,node_0_1
2026-08-06T07:00,26.9,94,0.403,62.0,972.6,29.461664,77.460742,node_0_1
2026-08-06T08:00,27.0,95,0.423,80.0,973.4,29.461664,77.460742,node_0_1
2026-08-06T09:00,27.1,95,0.435,103.0,974.0,29.461664,77.460742,node_0_1
2026-08-06T10:00,27.0,96,0.434,75.0,974.2,29.461664,77.460742,node_0_1
2026-08-06T11:00,26.9,95,0.438,114.0,974.2,29.461664,77.460742,node_0_1
2026-08-06T12:00,27.1,93,0.437,118.0,974.1,29.461664,77.460742,node_0_1
2026-08-06T13:00,27.2,92,0.436,141.0,973.5,29.461664,77.460742,node_0_1
2026-08-06T14:00,26.9,93,0.435,102.0,972.7,29.461664,77.460742,node_0_1
2026-08-06T15:00,26.7,93,0.437,69.0,972.5,29.461664,77.460742,node_0_1
2026-08-06T16:00,26.9,93,0.433,90.0,972.1,29.461664,77.460742,node_0_1
2026-08-06T17:00,27.3,92,0.416,129.0,971.8,29.461664,77.460742,node_0_1
2026-08-06T18:00,26.9,92,0.412,38.0,971.9,29.461664,77.460742,node_0_1
2026-08-06T19:00,26.6,93,0.41,8.0,972.4,29.461664,77.460742,node_0_1
2026-08-06T20:00,26.6,94,0.408,0.0,973.0,29.461664,77.460742,node_0_1
2026-08-06T21:00,26.3,95,0.407,0.0,973.5,29.461664,77.460742,node_0_1
2026-08-06T22:00,26.3,95,0.408,0.0,973.7,29.461664,77.460742,node_0_1
2026-08-06T23:00,26.3,96,0.412,0.0,973.8,29.461664,77.460742,node_0_1
2026-08-07T00:00,26.1,96,0.422,0.0,973.4,29.461664,77.460742,node_0_1
2026-08-07T01:00,26.0,97,0.42,0.0,973.0,29.461664,77.460742,node_0_1
2026-08-07T02:00,26.0,97,0.417,0.0,972.6,29.461664,77.460742,node_0_1
2026-08-07T03:00,26.0,97,0.413,0.0,972.5,29.461664,77.460742,node_0_1
2026-08-07T04:00,26.0,96,0.412,0.0,972.7,29.461664,77.460742,node_0_1
2026-08-07T05:00,26.4,96,0.411,0.0,972.2,29.461664,77.460742,node_0_1
2026-08-07T06:00,26.6,95,0.409,14.0,972.6,29.461664,77.460742,node_0_1
2026-08-07T07:00,26.9,95,0.406,50.0,972.9,29.461664,77.460742,node_0_1
2026-08-07T08:00,27.6,91,0.404,119.0,973.3,29.461664,77.460742,node_0_1
2026-08-07T09:00,28.3,86,0.402,216.0,973.6,29.461664,77.460742,node_0_1
2026-08-07T10:00,28.5,83,0.401,240.0,973.9,29.461664,77.460742,node_0_1
2026-08-07T11:00,29.0,84,0.413,150.0,974.0,29.461664,77.460742,node_0_1
2026-08-07T12:00,28.3,86,0.435,139.0,973.6,29.461664,77.460742,node_0_1
2026-08-07T13:00,28.7,84,0.43,404.0,973.3,29.461664,77.460742,node_0_1
2026-08-07T14:00,27.9,88,0.43,208.0,972.6,29.461664,77.460742,node_0_1
2026-08-07T15:00,28.1,86,0.424,201.0,971.8,29.461664,77.460742,node_0_1
2026-08-07T16:00,28.4,83,0.419,265.0,971.4,29.461664,77.460742,node_0_1
2026-08-07T17:00,27.8,92,0.414,174.0,971.5,29.461664,77.460742,node_0_1
2026-08-07T18:00,27.4,91,0.411,39.0,971.3,29.461664,77.460742,node_0_1
2026-08-07T19:00,27.1,92,0.409,5.0,971.8,29.461664,77.460742,node_0_1
2026-08-07T20:00,27.0,94,0.407,0.0,972.7,29.461664,77.460742,node_0_1
2026-08-07T21:00,26.2,96,0.439,0.0,973.8,29.461664,77.460742,node_0_1
2026-08-07T22:00,25.7,96,0.439,0.0,974.3,29.461664,77.460742,node_0_1
2026-08-07T23:00,27.1,93,0.435,0.0,973.5,29.461664,77.460742,node_0_1
2026-08-08T00:00,27.0,94,0.428,0.0,973.5,29.461664,77.460742,node_0_1
2026-08-08T01:00,26.5,93,0.428,0.0,973.2,29.461664,77.460742,node_0_1
2026-08-08T02:00,25.7,95,0.437,0.0,973.0,29.461664,77.460742,node_0_1
2026-08-08T03:00,25.6,95,0.434,0.0,972.6,29.461664,77.460742,node_0_1
2026-08-08T04:00,25.7,95,0.434,0.0,972.7,29.461664,77.460742,node_0_1
2026-08-08T05:00,27.6,93,0.41,0.0,972.6,29.461664,77.460742,node_0_1
2026-08-08T06:00,27.7,93,0.412,17.0,973.0,29.461664,77.460742,node_0_1
2026-08-08T07:00,28.5,89,0.411,111.0,973.7,29.461664,77.460742,node_0_1
2026-08-08T08:00,28.4,90,0.414,189.0,974.4,29.461664,77.460742,node_0_1
2026-08-08T09:00,29.2,89,0.414,321.0,974.8,29.461664,77.460742,node_0_1
2026-08-08T10:00,30.2,86,0.413,547.0,974.8,29.461664,77.460742,node_0_1
2026-08-08T11:00,31.1,74,0.411,681.0,974.9,29.461664,77.460742,node_0_1
2026-08-08T12:00,32.2,65,0.408,720.0,974.8,29.461664,77.460742,node_0_1
2026-08-08T13:00,32.6,66,0.404,794.0,974.0,29.461664,77.460742,node_0_1
2026-08-08T14:00,32.7,66,0.4,762.0,973.2,29.461664,77.460742,node_0_1
2026-08-08T15:00,32.3,67,0.398,636.0,972.5,29.461664,77.460742,node_0_1
2026-08-08T16:00,32.3,68,0.398,474.0,972.1,29.461664,77.460742,node_0_1
2026-08-08T17:00,30.8,80,0.398,278.0,972.7,29.461664,77.460742,node_0_1
2026-08-08T18:00,30.2,84,0.397,114.0,973.2,29.461664,77.460742,node_0_1
2026-08-08T19:00,29.0,89,0.396,12.0,973.1,29.461664,77.460742,node_0_1
2026-08-08T20:00,28.4,91,0.395,0.0,974.5,29.461664,77.460742,node_0_1
2026-08-08T21:00,28.2,91,0.395,0.0,975.4,29.461664,77.460742,node_0_1
2026-08-08T22:00,28.1,91,0.394,0.0,975.8,29.461664,77.460742,node_0_1
2026-08-08T23:00,28.2,88,0.394,0.0,975.6,29.461664,77.460742,node_0_1
2026-08-09T00:00,27.7,91,0.393,0.0,975.3,29.461664,77.460742,node_0_1
2026-08-09T01:00,27.5,92,0.393,0.0,974.8,29.461664,77.460742,node_0_1
2026-08-09T02:00,27.4,93,0.392,0.0,974.9,29.461664,77.460742,node_0_1
2026-08-09T03:00,27.2,93,0.392,0.0,974.8,29.461664,77.460742,node_0_1
2026-08-09T04:00,27.1,95,0.391,0.0,975.1,29.461664,77.460742,node_0_1
2026-08-09T05:00,26.9,92,0.39,0.0,975.0,29.461664,77.460742,node_0_1
2026-08-09T06:00,27.3,92,0.39,18.0,975.4,29.461664,77.460742,node_0_1
2026-08-09T07:00,28.3,91,0.389,117.0,975.9,29.461664,77.460742,node_0_1
2026-08-09T08:00,29.7,85,0.389,281.0,976.1,29.461664,77.460742,node_0_1
2026-08-09T09:00,30.9,76,0.387,487.0,976.4,29.461664,77.460742,node_0_1
2026-08-09T10:00,31.5,73,0.385,665.0,976.5,29.461664,77.460742,node_0_1
2026-08-09T11:00,32.4,64,0.38,749.0,976.0,29.461664,77.460742,node_0_1
2026-08-09T12:00,32.8,63,0.376,808.0,975.5,29.461664,77.460742,node_0_1
2026-08-09T13:00,33.1,62,0.373,803.0,974.8,29.461664,77.460742,node_0_1
2026-08-09T14:00,33.3,61,0.37,745.0,974.0,29.461664,77.460742,node_0_1
2026-08-09T15:00,33.6,60,0.367,647.0,973.2,29.461664,77.460742,node_0_1
2026-08-09T16:00,33.5,61,0.365,483.0,972.7,29.461664,77.460742,node_0_1
2026-08-09T17:00,32.1,72,0.372,297.0,972.5,29.461664,77.460742,node_0_1
2026-08-09T18:00,31.0,82,0.371,107.0,972.6,29.461664,77.460742,node_0_1
2026-08-09T19:00,30.1,86,0.371,11.0,973.1,29.461664,77.460742,node_0_1
2026-08-09T20:00,29.6,87,0.371,0.0,973.8,29.461664,77.460742,node_0_1
2026-08-09T21:00,29.1,89,0.371,0.0,974.8,29.461664,77.460742,node_0_1
2026-08-09T22:00,28.9,89,0.371,0.0,975.2,29.461664,77.460742,node_0_1
2026-08-09T23:00,28.9,91,0.365,0.0,974.7,29.461664,77.460742,node_0_1
2026-08-10T00:00,27.8,92,0.367,0.0,974.5,29.461664,77.460742,node_0_1
2026-08-10T01:00,26.8,90,0.367,0.0,974.1,29.461664,77.460742,node_0_1
2026-08-10T02:00,26.8,92,0.367,0.0,973.8,29.461664,77.460742,node_0_1
2026-08-10T03:00,26.8,93,0.367,0.0,973.3,29.461664,77.460742,node_0_1
2026-08-10T04:00,27.0,93,0.367,0.0,973.7,29.461664,77.460742,node_0_1
2026-08-10T05:00,26.8,95,0.369,0.0,973.7,29.461664,77.460742,node_0_1
2026-08-10T06:00,27.1,94,0.379,14.0,974.2,29.461664,77.460742,node_0_1
2026-08-10T07:00,27.9,90,0.382,109.0,974.5,29.461664,77.460742,node_0_1
2026-08-10T08:00,28.7,87,0.381,269.0,974.8,29.461664,77.460742,node_0_1
2026-08-10T09:00,28.8,87,0.382,322.0,975.2,29.461664,77.460742,node_0_1
2026-08-10T10:00,28.7,89,0.404,342.0,975.1,29.461664,77.460742,node_0_1
2026-08-10T11:00,27.4,90,0.424,455.0,975.2,29.461664,77.460742,node_0_1
2026-08-10T12:00,28.2,89,0.425,183.0,974.9,29.461664,77.460742,node_0_1
2026-08-10T13:00,29.8,86,0.42,525.0,974.5,29.461664,77.460742,node_0_1
2026-08-10T14:00,29.6,83,0.417,347.0,973.5,29.461664,77.460742,node_0_1
2026-08-10T15:00,30.5,77,0.413,461.0,973.0,29.461664,77.460742,node_0_1
2026-08-10T16:00,30.2,77,0.409,287.0,972.6,29.461664,77.460742,node_0_1
2026-08-10T17:00,28.1,91,0.428,101.0,972.9,29.461664,77.460742,node_0_1
2026-08-10T18:00,28.2,91,0.422,61.0,973.2,29.461664,77.460742,node_0_1
2026-08-10T19:00,28.0,93,0.418,6.0,973.3,29.461664,77.460742,node_0_1
2026-08-10T20:00,27.8,92,0.415,0.0,974.0,29.461664,77.460742,node_0_1
2026-08-10T21:00,27.6,92,0.413,0.0,974.7,29.461664,77.460742,node_0_1
2026-08-10T22:00,27.3,93,0.41,0.0,974.6,29.461664,77.460742,node_0_1
2026-08-10T23:00,27.8,91,0.414,0.0,973.7,29.461664,77.460742,node_0_1
2026-08-11T00:00,27.3,93,0.411,0.0,973.6,29.461664,77.460742,node_0_1
2026-08-11T01:00,27.0,93,0.409,0.0,973.5,29.461664,77.460742,node_0_1
2026-08-11T02:00,26.9,93,0.408,0.0,973.6,29.461664,77.460742,node_0_1
2026-08-11T03:00,26.8,94,0.406,0.0,973.3,29.461664,77.460742,node_0_1
2026-08-11T04:00,26.6,95,0.405,0.0,973.3,29.461664,77.460742,node_0_1
2026-08-11T05:00,27.2,93,0.402,0.0,974.1,29.461664,77.460742,node_0_1
2026-08-11T06:00,27.1,94,0.401,11.0,974.3,29.461664,77.460742,node_0_1
2026-08-11T07:00,27.1,90,0.401,89.0,974.8,29.461664,77.460742,node_0_1
2026-08-11T08:00,27.3,91,0.401,187.0,975.4,29.461664,77.460742,node_0_1
2026-08-11T09:00,27.8,90,0.401,298.0,975.6,29.461664,77.460742,node_0_1
2026-08-11T10:00,28.7,86,0.4,456.0,976.1,29.461664,77.460742,node_0_1
2026-08-11T11:00,28.7,82,0.42,469.0,976.0,29.461664,77.460742,node_0_1
2026-08-11T12:00,28.1,86,0.416,210.0,975.7,29.461664,77.460742,node_0_1
2026-08-11T13:00,28.6,84,0.415,336.0,974.9,29.461664,77.460742,node_0_1
2026-08-11T14:00,28.7,83,0.413,253.0,974.2,29.461664,77.460742,node_0_1
2026-08-11T15:00,28.8,84,0.412,322.0,973.1,29.461664,77.460742,node_0_1
2026-08-11T16:00,29.0,83,0.409,312.0,972.5,29.461664,77.460742,node_0_1
2026-08-11T17:00,29.7,79,0.403,127.0,973.0,29.461664,77.460742,node_0_1
2026-08-11T18:00,29.0,85,0.401,93.0,972.6,29.461664,77.460742,node_0_1
2026-08-11T19:00,28.0,89,0.4,10.0,973.1,29.461664,77.460742,node_0_1
2026-08-11T20:00,27.6,90,0.399,0.0,973.8,29.461664,77.460742,node_0_1
2026-08-11T21:00,27.4,91,0.398,0.0,974.3,29.461664,77.460742,node_0_1
2026-08-11T22:00,27.1,93,0.397,0.0,974.9,29.461664,77.460742,node_0_1
2026-08-11T23:00,27.3,95,0.396,0.0,974.5,29.461664,77.460742,node_0_1
2026-08-12T00:00,26.9,96,0.395,0.0,974.7,29.461664,77.460742,node_0_1
2026-08-12T01:00,26.5,97,0.395,0.0,974.9,29.461664,77.460742,node_0_1
2026-08-12T02:00,26.2,98,0.394,0.0,974.7,29.461664,77.460742,node_0_1
2026-08-12T03:00,26.0,98,0.393,0.0,974.6,29.461664,77.460742,node_0_1
2026-08-12T04:00,25.6,99,0.393,0.0,974.5,29.461664,77.460742,node_0_1
2026-08-12T05:00,26.2,98,0.386,0.0,974.4,29.461664,77.460742,node_0_1
2026-08-12T06:00,26.5,98,0.385,17.0,974.8,29.461664,77.460742,node_0_1
2026-08-12T07:00,28.2,92,0.385,133.0,975.1,29.461664,77.460742,node_0_1
2026-08-12T08:00,29.5,86,0.383,319.0,975.6,29.461664,77.460742,node_0_1
2026-08-12T09:00,30.7,79,0.381,512.0,975.7,29.461664,77.460742,node_0_1
2026-08-12T10:00,31.5,76,0.379,666.0,975.6,29.461664,77.460742,node_0_1
2026-08-12T11:00,32.7,70,0.375,792.0,975.0,29.461664,77.460742,node_0_1
2026-08-12T12:00,33.5,66,0.371,859.0,974.8,29.461664,77.460742,node_0_1
2026-08-12T13:00,34.0,64,0.368,829.0,973.8,29.461664,77.460742,node_0_1
2026-08-12T14:00,34.3,63,0.365,780.0,973.2,29.461664,77.460742,node_0_1
2026-08-12T15:00,34.3,63,0.362,659.0,973.0,29.461664,77.460742,node_0_1
2026-08-12T16:00,33.9,64,0.36,484.0,972.4,29.461664,77.460742,node_0_1
2026-08-12T17:00,33.4,68,0.354,281.0,972.6,29.461664,77.460742,node_0_1
2026-08-12T18:00,32.5,75,0.353,104.0,973.3,29.461664,77.460742,node_0_1
2026-08-12T19:00,31.2,78,0.354,9.0,974.0,29.461664,77.460742,node_0_1
2026-08-12T20:00,30.8,76,0.354,0.0,974.8,29.461664,77.460742,node_0_1
2026-08-12T21:00,30.3,78,0.354,0.0,975.7,29.461664,77.460742,node_0_1
2026-08-12T22:00,29.4,83,0.354,0.0,976.1,29.461664,77.460742,node_0_1
2026-08-12T23:00,29.8,78,0.346,0.0,975.9,29.461664,77.460742,node_0_1
2026-08-13T00:00,29.3,80,0.347,0.0,976.1,29.461664,77.460742,node_0_1
2026-08-13T01:00,28.7,86,0.347,0.0,975.3,29.461664,77.460742,node_0_1
2026-08-13T02:00,28.4,89,0.347,0.0,974.9,29.461664,77.460742,node_0_1
2026-08-13T03:00,28.1,91,0.348,0.0,975.0,29.461664,77.460742,node_0_1
2026-08-13T04:00,27.7,94,0.348,0.0,974.6,29.461664,77.460742,node_0_1
2026-08-13T05:00,28.3,92,0.338,0.0,974.4,29.461664,77.460742,node_0_1
2026-08-13T06:00,28.4,91,0.34,15.0,974.8,29.461664,77.460742,node_0_1
2026-08-13T07:00,29.3,88,0.342,121.0,975.1,29.461664,77.460742,node_0_1
2026-08-13T08:00,30.6,83,0.342,301.0,975.0,29.461664,77.460742,node_0_1
2026-08-13T09:00,31.8,77,0.341,488.0,974.9,29.461664,77.460742,node_0_1
2026-08-13T10:00,32.7,72,0.34,655.0,975.3,29.461664,77.460742,node_0_1
2026-08-13T11:00,33.0,71,0.346,718.0,975.5,29.461664,77.460742,node_0_1
2026-08-13T12:00,33.6,67,0.346,775.0,974.9,29.461664,77.460742,node_0_1
2026-08-13T13:00,34.0,66,0.344,812.0,974.1,29.461664,77.460742,node_0_1
2026-08-13T14:00,31.3,75,0.344,678.0,973.6,29.461664,77.460742,node_0_1
2026-08-13T15:00,30.6,84,0.354,446.0,973.1,29.461664,77.460742,node_0_1
2026-08-13T16:00,31.4,82,0.353,406.0,972.6,29.461664,77.460742,node_0_1
2026-08-13T17:00,33.0,71,0.338,285.0,972.5,29.461664,77.460742,node_0_1
2026-08-13T18:00,31.6,79,0.338,102.0,972.5,29.461664,77.460742,node_0_1
2026-08-13T19:00,30.4,83,0.338,9.0,973.2,29.461664,77.460742,node_0_1
2026-08-13T20:00,29.7,85,0.338,0.0,974.0,29.461664,77.460742,node_0_1
2026-08-13T21:00,29.4,86,0.338,0.0,974.5,29.461664,77.460742,node_0_1
2026-08-13T22:00,29.3,87,0.338,0.0,974.4,29.461664,77.460742,node_0_1
2026-08-13T23:00,29.6,87,0.339,0.0,973.9,29.461664,77.460742,node_0_1
2026-08-14T00:00,29.1,90,0.339,0.0,973.5,29.461664,77.460742,node_0_1
2026-08-14T01:00,28.9,91,0.339,0.0,973.5,29.461664,77.460742,node_0_1
2026-08-14T02:00,28.4,93,0.339,0.0,973.5,29.461664,77.460742,node_0_1
2026-08-14T03:00,28.2,94,0.339,0.0,973.1,29.461664,77.460742,node_0_1
2026-08-14T04:00,27.9,95,0.34,0.0,973.2,29.461664,77.460742,node_0_1
2026-08-14T05:00,28.8,89,0.338,0.0,973.0,29.461664,77.460742,node_0_1
2026-08-14T06:00,27.4,94,0.365,7.0,974.0,29.461664,77.460742,node_0_1
2026-08-14T07:00,27.1,94,0.376,66.0,974.6,29.461664,77.460742,node_0_1
2026-08-14T08:00,27.0,92,0.376,112.0,975.3,29.461664,77.460742,node_0_1
2026-08-14T09:00,27.5,90,0.376,294.0,975.8,29.461664,77.460742,node_0_1
2026-08-14T10:00,28.9,84,0.375,433.0,975.7,29.461664,77.460742,node_0_1
2026-08-14T11:00,30.6,79,0.377,614.0,976.1,29.461664,77.460742,node_0_1
2026-08-14T12:00,31.0,79,0.376,507.0,976.4,29.461664,77.460742,node_0_1
2026-08-14T13:00,28.6,83,0.379,546.0,976.1,29.461664,77.460742,node_0_1
2026-08-14T14:00,28.0,89,0.398,312.0,975.9,29.461664,77.460742,node_0_1
2026-08-14T15:00,28.2,90,0.407,239.0,975.2,29.461664,77.460742,node_0_1
2026-08-14T16:00,28.6,89,0.407,224.0,974.4,29.461664,77.460742,node_0_1
2026-08-14T17:00,29.0,83,0.403,152.0,974.3,29.461664,77.460742,node_0_1
2026-08-14T18:00,28.3,87,0.402,65.0,974.5,29.461664,77.460742,node_0_1
2026-08-14T19:00,28.0,91,0.401,6.0,974.6,29.461664,77.460742,node_0_1
2026-08-14T20:00,27.7,94,0.398,0.0,975.0,29.461664,77.460742,node_0_1
2026-08-14T21:00,27.8,93,0.395,0.0,975.6,29.461664,77.460742,node_0_1
2026-08-14T22:00,27.6,95,0.393,0.0,975.9,29.461664,77.460742,node_0_1
2026-08-14T23:00,27.7,93,0.395,0.0,975.4,29.461664,77.460742,node_0_1
2026-08-15T00:00,27.2,95,0.392,0.0,975.3,29.461664,77.460742,node_0_1
2026-08-15T01:00,26.9,96,0.39,0.0,975.1,29.461664,77.460742,node_0_1
2026-08-15T02:00,26.7,97,0.388,0.0,975.1,29.461664,77.460742,node_0_1
2026-08-15T03:00,25.1,98,0.427,0.0,975.7,29.461664,77.460742,node_0_1
2026-08-15T04:00,25.2,96,0.432,0.0,975.4,29.461664,77.460742,node_0_1
2026-08-15T05:00,26.0,95,0.386,0.0,975.2,29.461664,77.460742,node_0_1
2026-08-15T06:00,26.1,94,0.398,11.0,975.6,29.461664,77.460742,node_0_1
2026-08-15T07:00,26.2,92,0.402,50.0,976.2,29.461664,77.460742,node_0_1
2026-08-15T08:00,26.3,92,0.408,57.0,976.7,29.461664,77.460742,node_0_1
2026-08-15T09:00,26.7,91,0.409,113.0,976.8,29.461664,77.460742,node_0_1
2026-08-15T10:00,27.2,90,0.406,165.0,976.9,29.461664,77.460742,node_0_1
2026-08-15T11:00,29.7,82,0.401,613.0,977.0,29.461664,77.460742,node_0_1
2026-08-15T12:00,30.7,77,0.398,520.0,976.0,29.461664,77.460742,node_0_1
2026-08-15T13:00,30.8,77,0.395,537.0,975.3,29.461664,77.460742,node_0_1
2026-08-15T14:00,30.9,77,0.391,538.0,974.2,29.461664,77.460742,node_0_1
2026-08-15T15:00,31.1,76,0.387,564.0,973.2,29.461664,77.460742,node_0_1
2026-08-15T16:00,30.8,77,0.385,374.0,972.4,29.461664,77.460742,node_0_1
2026-08-15T17:00,32.0,73,0.36,281.0,972.0,29.461664,77.460742,node_0_1
2026-08-15T18:00,30.8,81,0.359,105.0,972.3,29.461664,77.460742,node_0_1
2026-08-15T19:00,29.4,87,0.359,8.0,972.9,29.461664,77.460742,node_0_1
2026-08-15T20:00,28.8,90,0.359,0.0,973.7,29.461664,77.460742,node_0_1
2026-08-15T21:00,28.5,92,0.359,0.0,974.4,29.461664,77.460742,node_0_1
2026-08-15T22:00,28.1,93,0.358,0.0,974.4,29.461664,77.460742,node_0_1
2026-08-15T23:00,28.8,88,0.345,0.0,973.9,29.461664,77.460742,node_0_1
2026-08-16T00:00,28.4,89,0.346,0.0,973.8,29.461664,77.460742,node_0_1
2026-08-16T01:00,27.6,92,0.346,0.0,973.2,29.461664,77.460742,node_0_1
2026-08-16T02:00,27.2,93,0.346,0.0,972.9,29.461664,77.460742,node_0_1
2026-08-16T03:00,26.9,95,0.346,0.0,972.4,29.461664,77.460742,node_0_1
2026-08-16T04:00,26.7,95,0.346,0.0,972.7,29.461664,77.460742,node_0_1
2026-08-16T05:00,27.8,94,0.336,0.0,972.0,29.461664,77.460742,node_0_1
2026-08-16T06:00,27.6,94,0.346,15.0,973.1,29.461664,77.460742,node_0_1
2026-08-16T07:00,27.6,89,0.352,109.0,973.3,29.461664,77.460742,node_0_1
2026-08-16T08:00,27.3,89,0.354,262.0,974.3,29.461664,77.460742,node_0_1
2026-08-16T09:00,28.7,83,0.354,358.0,974.0,29.461664,77.460742,node_0_1
2026-08-16T10:00,30.7,78,0.353,641.0,973.9,29.461664,77.460742,node_0_1
2026-08-16T11:00,32.1,72,0.355,747.0,973.9,29.461664,77.460742,node_0_1
2026-08-16T12:00,32.6,73,0.352,796.0,973.3,29.461664,77.460742,node_0_1
2026-08-16T13:00,32.9,73,0.351,775.0,973.1,29.461664,77.460742,node_0_1
2026-08-16T14:00,33.0,72,0.349,636.0,972.2,29.461664,77.460742,node_0_1
2026-08-16T15:00,32.5,71,0.347,477.0,971.6,29.461664,77.460742,node_0_1
2026-08-16T16:00,32.4,74,0.353,354.0,971.5,29.461664,77.460742,node_0_1
2026-08-16T17:00,31.8,74,0.363,245.0,971.8,29.461664,77.460742,node_0_1
2026-08-16T18:00,30.9,86,0.364,84.0,972.1,29.461664,77.460742,node_0_1
2026-08-16T19:00,29.6,89,0.364,7.0,972.6,29.461664,77.460742,node_0_1
2026-08-16T20:00,28.8,91,0.363,0.0,973.9,29.461664,77.460742,node_0_1
2026-08-16T21:00,27.4,94,0.362,0.0,974.2,29.461664,77.460742,node_0_1
2026-08-16T22:00,26.7,96,0.362,0.0,974.6,29.461664,77.460742,node_0_1
2026-08-16T23:00,28.3,93,0.368,0.0,973.8,29.461664,77.460742,node_0_1
2026-08-17T00:00,27.5,95,0.367,0.0,973.7,29.461664,77.460742,node_0_1
2026-08-17T01:00,27.3,95,0.366,0.0,973.4,29.461664,77.460742,node_0_1
2026-08-17T02:00,27.2,94,0.366,0.0,972.8,29.461664,77.460742,node_0_1
2026-08-17T03:00,27.0,90,0.365,0.0,972.6,29.461664,77.460742,node_0_1
2026-08-17T04:00,26.8,89,0.365,0.0,972.4,29.461664,77.460742,node_0_1
2026-08-17T05:00,26.6,92,0.374,0.0,973.1,29.461664,77.460742,node_0_1
2026-08-17T06:00,26.4,92,0.374,13.0,974.1,29.461664,77.460742,node_0_1
2026-08-17T07:00,25.5,93,0.374,93.0,974.8,29.461664,77.460742,node_0_1
2026-08-17T08:00,26.6,90,0.375,241.0,975.0,29.461664,77.460742,node_0_1
2026-08-17T09:00,27.5,90,0.376,310.0,974.7,29.461664,77.460742,node_0_1
2026-08-17T10:00,29.6,82,0.374,561.0,975.2,29.461664,77.460742,node_0_1
2026-08-17T11:00,31.6,71,0.37,731.0,975.2,29.461664,77.460742,node_0_1
2026-08-17T12:00,32.4,68,0.366,795.0,974.5,29.461664,77.460742,node_0_1
2026-08-17T13:00,33.0,67,0.363,827.0,974.2,29.461664,77.460742,node_0_1
2026-08-17T14:00,32.9,69,0.359,743.0,973.4,29.461664,77.460742,node_0_1
2026-08-17T15:00,32.8,68,0.356,627.0,972.9,29.461664,77.460742,node_0_1
2026-08-17T16:00,32.1,69,0.354,434.0,972.2,29.461664,77.460742,node_0_1
2026-08-17T17:00,32.6,68,0.369,230.0,972.5,29.461664,77.460742,node_0_1
2026-08-17T18:00,30.6,77,0.367,96.0,972.9,29.461664,77.460742,node_0_1
2026-08-17T19:00,29.5,81,0.366,6.0,973.7,29.461664,77.460742,node_0_1
2026-08-17T20:00,29.1,83,0.366,0.0,974.4,29.461664,77.460742,node_0_1
2026-08-17T21:00,26.2,93,0.413,0.0,975.9,29.461664,77.460742,node_0_1
2026-08-17T22:00,26.1,95,0.429,0.0,975.6,29.461664,77.460742,node_0_1
2026-08-17T23:00,26.9,92,0.423,0.0,975.2,29.461664,77.460742,node_0_1
2026-08-18T00:00,27.1,90,0.415,0.0,975.0,29.461664,77.460742,node_0_1
2026-08-18T01:00,26.8,90,0.409,0.0,974.8,29.461664,77.460742,node_0_1
2026-08-18T02:00,26.4,90,0.405,0.0,974.4,29.461664,77.460742,node_0_1
2026-08-18T03:00,26.2,89,0.402,0.0,974.1,29.461664,77.460742,node_0_1
2026-08-18T04:00,25.9,90,0.399,0.0,974.2,29.461664,77.460742,node_0_1
2026-08-18T05:00,26.2,93,0.382,0.0,974.1,29.461664,77.460742,node_0_1
2026-08-18T06:00,26.1,94,0.381,13.0,974.8,29.461664,77.460742,node_0_1
2026-08-18T07:00,27.1,92,0.38,101.0,975.2,29.461664,77.460742,node_0_1
2026-08-18T08:00,28.1,89,0.378,215.0,975.6,29.461664,77.460742,node_0_1
2026-08-18T09:00,29.8,82,0.376,424.0,976.0,29.461664,77.460742,node_0_1
2026-08-18T10:00,30.8,77,0.374,534.0,976.3,29.461664,77.460742,node_0_1
2026-08-18T11:00,31.4,72,0.374,585.0,976.6,29.461664,77.460742,node_0_1
2026-08-18T12:00,32.3,68,0.37,746.0,976.1,29.461664,77.460742,node_0_1
2026-08-18T13:00,32.5,67,0.37,732.0,975.8,29.461664,77.460742,node_0_1
2026-08-18T14:00,31.7,67,0.372,569.0,975.1,29.461664,77.460742,node_0_1
2026-08-18T15:00,27.4,87,0.415,327.0,974.5,29.461664,77.460742,node_0_1
2026-08-18T16:00,26.3,91,0.413,255.0,973.9,29.461664,77.460742,node_0_1
2026-08-18T17:00,28.8,85,0.427,199.0,974.6,29.461664,77.460742,node_0_1
2026-08-18T18:00,28.3,91,0.42,84.0,974.9,29.461664,77.460742,node_0_1
2026-08-18T19:00,27.8,93,0.414,5.0,975.6,29.461664,77.460742,node_0_1
2026-08-18T20:00,27.3,94,0.41,0.0,976.1,29.461664,77.460742,node_0_1
2026-08-18T21:00,26.8,93,0.407,0.0,976.6,29.461664,77.460742,node_0_1
2026-08-18T22:00,26.3,93,0.404,0.0,976.8,29.461664,77.460742,node_0_1
2026-08-18T23:00,27.1,97,0.402,0.0,976.5,29.461664,77.460742,node_0_1
2026-08-01T00:00,17.5,88,0.497,0.0,811.9,30.813016,78.271553,node_5_4
2026-08-01T01:00,17.9,83,0.496,0.0,811.9,30.813016,78.271553,node_5_4
2026-08-01T02:00,18.0,82,0.495,0.0,811.8,30.813016,78.271553,node_5_4
2026-08-01T03:00,17.7,83,0.494,0.0,811.6,30.813016,78.271553,node_5_4
2026-08-01T04:00,17.7,84,0.495,0.0,811.5,30.813016,78.271553,node_5_4
2026-08-01T05:00,17.4,88,0.496,0.0,811.5,30.813016,78.271553,node_5_4
2026-08-01T06:00,17.7,92,0.495,32.0,811.5,30.813016,78.271553,node_5_4
2026-08-01T07:00,18.2,91,0.494,173.0,812.3,30.813016,78.271553,node_5_4
2026-08-01T08:00,20.3,83,0.493,352.0,813.4,30.813016,78.271553,node_5_4
2026-08-01T09:00,22.0,71,0.491,498.0,814.0,30.813016,78.271553,node_5_4
2026-08-01T10:00,23.7,62,0.489,720.0,814.2,30.813016,78.271553,node_5_4
2026-08-01T11:00,24.0,58,0.494,701.0,814.0,30.813016,78.271553,node_5_4
2026-08-01T12:00,25.2,55,0.491,827.0,814.0,30.813016,78.271553,node_5_4
2026-08-01T13:00,24.8,56,0.489,680.0,812.9,30.813016,78.271553,node_5_4
2026-08-01T14:00,23.9,61,0.488,644.0,812.2,30.813016,78.271553,node_5_4
2026-08-01T15:00,22.6,67,0.487,544.0,811.8,30.813016,78.271553,node_5_4
2026-08-01T16:00,20.8,81,0.488,327.0,811.2,30.813016,78.271553,node_5_4
2026-08-01T17:00,21.7,78,0.487,161.0,811.2,30.813016,78.271553,node_5_4
2026-08-01T18:00,19.6,89,0.488,102.0,811.2,30.813016,78.271553,node_5_4
2026-08-01T19:00,18.0,99,0.489,12.0,811.4,30.813016,78.271553,node_5_4
2026-08-01T20:00,18.1,99,0.49,0.0,811.8,30.813016,78.271553,node_5_4
2026-08-01T21:00,18.1,99,0.489,0.0,812.3,30.813016,78.271553,node_5_4
2026-08-01T22:00,18.1,95,0.489,0.0,812.4,30.813016,78.271553,node_5_4
2026-08-01T23:00,17.8,98,0.487,0.0,812.1,30.813016,78.271553,node_5_4
2026-08-02T00:00,17.3,98,0.487,0.0,811.7,30.813016,78.271553,node_5_4
2026-08-02T01:00,17.0,96,0.486,0.0,811.2,30.813016,78.271553,node_5_4
2026-08-02T02:00,17.1,95,0.486,0.0,811.1,30.813016,78.271553,node_5_4
2026-08-02T03:00,17.0,95,0.486,0.0,811.0,30.813016,78.271553,node_5_4
2026-08-02T04:00,17.0,92,0.486,0.0,811.7,30.813016,78.271553,node_5_4
2026-08-02T05:00,17.2,98,0.489,0.0,811.6,30.813016,78.271553,node_5_4
2026-08-02T06:00,17.8,97,0.489,31.0,812.0,30.813016,78.271553,node_5_4
2026-08-02T07:00,18.5,97,0.488,137.0,812.6,30.813016,78.271553,node_5_4
2026-08-02T08:00,20.2,90,0.487,303.0,813.0,30.813016,78.271553,node_5_4
2026-08-02T09:00,22.0,79,0.486,534.0,814.3,30.813016,78.271553,node_5_4
2026-08-02T10:00,22.8,71,0.484,529.0,814.0,30.813016,78.271553,node_5_4
2026-08-02T11:00,23.3,70,0.483,652.0,814.4,30.813016,78.271553,node_5_4
2026-08-02T12:00,24.0,72,0.483,753.0,814.1,30.813016,78.271553,node_5_4
2026-08-02T13:00,24.9,66,0.481,851.0,814.1,30.813016,78.271553,node_5_4
2026-08-02T14:00,24.2,68,0.48,685.0,813.3,30.813016,78.271553,node_5_4
2026-08-02T15:00,22.2,76,0.48,462.0,812.6,30.813016,78.271553,node_5_4
2026-08-02T16:00,21.7,78,0.48,312.0,812.3,30.813016,78.271553,node_5_4
2026-08-02T17:00,19.8,100,0.496,187.0,811.7,30.813016,78.271553,node_5_4
2026-08-02T18:00,18.7,98,0.496,121.0,811.7,30.813016,78.271553,node_5_4
2026-08-02T19:00,17.9,99,0.497,12.0,812.4,30.813016,78.271553,node_5_4
2026-08-02T20:00,18.3,96,0.497,0.0,812.2,30.813016,78.271553,node_5_4
2026-08-02T21:00,18.1,95,0.495,0.0,813.0,30.813016,78.271553,node_5_4
2026-08-02T22:00,18.0,93,0.494,0.0,812.9,30.813016,78.271553,node_5_4
2026-08-02T23:00,18.2,93,0.492,0.0,812.7,30.813016,78.271553,node_5_4
2026-08-03T00:00,18.3,89,0.492,0.0,812.2,30.813016,78.271553,node_5_4
2026-08-03T01:00,17.8,92,0.491,0.0,811.6,30.813016,78.271553,node_5_4
2026-08-03T02:00,17.4,96,0.491,0.0,811.7,30.813016,78.271553,node_5_4
2026-08-03T03:00,17.3,95,0.49,0.0,811.1,30.813016,78.271553,node_5_4
2026-08-03T04:00,17.1,95,0.49,0.0,810.8,30.813016,78.271553,node_5_4
2026-08-03T05:00,17.7,98,0.483,0.0,811.1,30.813016,78.271553,node_5_4
2026-08-03T06:00,17.9,100,0.486,20.0,811.8,30.813016,78.271553,node_5_4
2026-08-03T07:00,18.1,100,0.49,62.0,811.8,30.813016,78.271553,node_5_4
2026-08-03T08:00,18.5,96,0.499,254.0,812.9,30.813016,78.271553,node_5_4
2026-08-03T09:00,20.0,93,0.5,430.0,813.4,30.813016,78.271553,node_5_4
2026-08-03T10:00,21.6,83,0.499,545.0,814.0,30.813016,78.271553,node_5_4
2026-08-03T11:00,22.7,77,0.512,487.0,814.6,30.813016,78.271553,node_5_4
2026-08-03T12:00,24.4,66,0.506,638.0,815.1,30.813016,78.271553,node_5_4
2026-08-03T13:00,23.0,71,0.503,492.0,814.0,30.813016,78.271553,node_5_4
2026-08-03T14:00,22.6,76,0.501,604.0,813.5,30.813016,78.271553,node_5_4
2026-08-03T15:00,21.9,80,0.5,386.0,812.7,30.813016,78.271553,node_5_4
2026-08-03T16:00,20.7,95,0.504,243.0,812.1,30.813016,78.271553,node_5_4
2026-08-03T17:00,21.2,82,0.499,185.0,812.2,30.813016,78.271553,node_5_4
2026-08-03T18:00,19.7,92,0.498,90.0,812.2,30.813016,78.271553,node_5_4
2026-08-03T19:00,18.3,100,0.498,12.0,812.4,30.813016,78.271553,node_5_4
2026-08-03T20:00,18.3,100,0.497,0.0,812.6,30.813016,78.271553,node_5_4
2026-08-03T21:00,18.0,100,0.497,0.0,813.4,30.813016,78.271553,node_5_4
2026-08-03T22:00,17.5,100,0.502,0.0,813.9,30.813016,78.271553,node_5_4
2026-08-03T23:00,18.8,94,0.497,0.0,813.3,30.813016,78.271553,node_5_4
2026-08-04T00:00,18.0,98,0.496,0.0,812.6,30.813016,78.271553,node_5_4
2026-08-04T01:00,17.9,96,0.495,0.0,812.4,30.813016,78.271553,node_5_4
2026-08-04T02:00,17.7,97,0.494,0.0,812.2,30.813016,78.271553,node_5_4
2026-08-04T03:00,17.3,98,0.493,0.0,812.1,30.813016,78.271553,node_5_4
2026-08-04T04:00,16.8,99,0.512,0.0,812.3,30.813016,78.271553,node_5_4
2026-08-04T05:00,18.1,98,0.503,0.0,811.7,30.813016,78.271553,node_5_4
2026-08-04T06:00,18.1,98,0.502,14.0,811.8,30.813016,78.271553,node_5_4
2026-08-04T07:00,18.5,100,0.505,100.0,812.8,30.813016,78.271553,node_5_4
2026-08-04T08:00,18.6,100,0.509,220.0,813.1,30.813016,78.271553,node_5_4
2026-08-04T09:00,18.6,100,0.518,243.0,813.8,30.813016,78.271553,node_5_4
2026-08-04T10:00,18.2,96,0.518,196.0,814.0,30.813016,78.271553,node_5_4
2026-08-04T11:00,18.5,92,0.512,145.0,814.4,30.813016,78.271553,node_5_4
2026-08-04T12:00,19.7,96,0.502,376.0,814.0,30.813016,78.271553,node_5_4
2026-08-04T13:00,19.9,92,0.503,462.0,813.9,30.813016,78.271553,node_5_4
2026-08-04T14:00,20.8,84,0.502,396.0,813.6,30.813016,78.271553,node_5_4
2026-08-04T15:00,21.0,80,0.5,409.0,813.4,30.813016,78.271553,node_5_4
2026-08-04T16:00,21.2,79,0.5,222.0,812.5,30.813016,78.271553,node_5_4
2026-08-04T17:00,21.5,80,0.483,239.0,812.1,30.813016,78.271553,node_5_4
2026-08-04T18:00,20.1,87,0.482,96.0,811.9,30.813016,78.271553,node_5_4
2026-08-04T19:00,18.7,96,0.482,11.0,811.7,30.813016,78.271553,node_5_4
2026-08-04T20:00,18.8,95,0.482,0.0,812.3,30.813016,78.271553,node_5_4
2026-08-04T21:00,18.4,97,0.482,0.0,812.6,30.813016,78.271553,node_5_4
2026-08-04T22:00,17.8,100,0.482,0.0,812.4,30.813016,78.271553,node_5_4
2026-08-04T23:00,17.6,97,0.482,0.0,811.9,30.813016,78.271553,node_5_4
2026-08-05T00:00,17.5,98,0.483,0.0,811.2,30.813016,78.271553,node_5_4
2026-08-05T01:00,17.3,99,0.483,0.0,810.8,30.813016,78.271553,node_5_4
2026-08-05T02:00,17.3,98,0.484,0.0,810.5,30.813016,78.271553,node_5_4
2026-08-05T03:00,17.3,98,0.484,0.0,810.4,30.813016,78.271553,node_5_4
2026-08-05T04:00,17.2,98,0.484,0.0,810.3,30.813016,78.271553,node_5_4
2026-08-05T05:00,17.4,100,0.477,0.0,810.3,30.813016,78.271553,node_5_4
2026-08-05T06:00,17.2,100,0.477,19.0,809.9,30.813016,78.271553,node_5_4
2026-08-05T07:00,18.4,94,0.478,129.0,811.0,30.813016,78.271553,node_5_4
2026-08-05T08:00,19.8,85,0.477,306.0,811.6,30.813016,78.271553,node_5_4
2026-08-05T09:00,21.1,76,0.477,491.0,812.2,30.813016,78.271553,node_5_4
2026-08-05T10:00,22.8,67,0.476,721.0,812.5,30.813016,78.271553,node_5_4
2026-08-05T11:00,23.8,65,0.483,798.0,812.8,30.813016,78.271553,node_5_4
2026-08-05T12:00,23.6,67,0.483,621.0,811.8,30.813016,78.271553,node_5_4
2026-08-05T13:00,20.3,91,0.489,653.0,810.7,30.813016,78.271553,node_5_4
2026-08-05T14:00,21.4,91,0.493,692.0,810.4,30.813016,78.271553,node_5_4
2026-08-05T15:00,21.6,86,0.493,514.0,810.1,30.813016,78.271553,node_5_4
2026-08-05T16:00,21.0,88,0.494,340.0,809.3,30.813016,78.271553,node_5_4
2026-08-05T17:00,19.1,98,0.503,246.0,809.3,30.813016,78.271553,node_5_4
2026-08-05T18:00,18.9,99,0.502,82.0,809.4,30.813016,78.271553,node_5_4
2026-08-05T19:00,18.7,98,0.501,12.0,809.9,30.813016,78.271553,node_5_4
2026-08-05T20:00,18.0,98,0.501,0.0,810.5,30.813016,78.271553,node_5_4
2026-08-05T21:00,17.9,97,0.501,0.0,811.0,30.813016,78.271553,node_5_4
2026-08-05T22:00,17.9,93,0.502,0.0,810.9,30.813016,78.271553,node_5_4
2026-08-05T23:00,17.7,100,0.496,0.0,810.1,30.813016,78.271553,node_5_4
2026-08-06T00:00,17.9,97,0.495,0.0,809.8,30.813016,78.271553,node_5_4
2026-08-06T01:00,17.6,97,0.495,0.0,809.6,30.813016,78.271553,node_5_4
2026-08-06T02:00,17.5,97,0.496,0.0,809.5,30.813016,78.271553,node_5_4
2026-08-06T03:00,17.7,95,0.498,0.0,809.4,30.813016,78.271553,node_5_4
2026-08-06T04:00,17.5,96,0.504,0.0,809.6,30.813016,78.271553,node_5_4
2026-08-06T05:00,18.0,99,0.502,0.0,809.1,30.813016,78.271553,node_5_4
2026-08-06T06:00,17.7,100,0.506,4.0,809.6,30.813016,78.271553,node_5_4
2026-08-06T07:00,17.9,100,0.514,21.0,810.3,30.813016,78.271553,node_5_4
2026-08-06T08:00,17.9,100,0.518,36.0,810.9,30.813016,78.271553,node_5_4
2026-08-06T09:00,18.0,100,0.518,61.0,811.4,30.813016,78.271553,node_5_4
2026-08-06T10:00,18.4,100,0.513,123.0,811.8,30.813016,78.271553,node_5_4
2026-08-06T11:00,18.1,100,0.51,125.0,811.9,30.813016,78.271553,node_5_4
2026-08-06T12:00,17.9,100,0.503,125.0,811.9,30.813016,78.271553,node_5_4
2026-08-06T13:00,18.0,98,0.507,162.0,811.7,30.813016,78.271553,node_5_4
2026-08-06T14:00,18.4,98,0.505,154.0,811.2,30.813016,78.271553,node_5_4
2026-08-06T15:00,18.3,99,0.515,109.0,810.9,30.813016,78.271553,node_5_4
2026-08-06T16:00,18.0,99,0.519,94.0,810.6,30.813016,78.271553,node_5_4
2026-08-06T17:00,18.2,100,0.518,39.0,811.0,30.813016,78.271553,node_5_4
2026-08-06T18:00,18.3,99,0.514,29.0,810.5,30.813016,78.271553,node_5_4
2026-08-06T19:00,18.1,98,0.511,5.0,811.1,30.813016,78.271553,node_5_4
2026-08-06T20:00,18.5,94,0.508,0.0,811.5,30.813016,78.271553,node_5_4
2026-08-06T21:00,18.4,94,0.505,0.0,812.0,30.813016,78.271553,node_5_4
2026-08-06T22:00,18.2,93,0.503,0.0,811.8,30.813016,78.271553,node_5_4
2026-08-06T23:00,18.1,92,0.501,0.0,811.2,30.813016,78.271553,node_5_4
2026-08-07T00:00,17.8,94,0.5,0.0,811.0,30.813016,78.271553,node_5_4
2026-08-07T01:00,17.6,94,0.499,0.0,810.9,30.813016,78.271553,node_5_4
2026-08-07T02:00,17.7,90,0.497,0.0,810.4,30.813016,78.271553,node_5_4
2026-08-07T03:00,17.5,89,0.497,0.0,810.3,30.813016,78.271553,node_5_4
2026-08-07T04:00,17.4,87,0.496,0.0,810.1,30.813016,78.271553,node_5_4
2026-08-07T05:00,17.1,97,0.499,0.0,810.0,30.813016,78.271553,node_5_4
2026-08-07T06:00,17.5,96,0.498,28.0,810.3,30.813016,78.271553,node_5_4
2026-08-07T07:00,18.5,92,0.497,154.0,811.3,30.813016,78.271553,node_5_4
2026-08-07T08:00,20.3,86,0.495,309.0,812.4,30.813016,78.271553,node_5_4
2026-08-07T09:00,21.2,77,0.494,312.0,813.4,30.813016,78.271553,node_5_4
2026-08-07T10:00,20.6,81,0.493,215.0,813.2,30.813016,78.271553,node_5_4
2026-08-07T11:00,20.9,80,0.493,217.0,813.2,30.813016,78.271553,node_5_4
2026-08-07T12:00,20.1,86,0.493,160.0,812.5,30.813016,78.271553,node_5_4
2026-08-07T13:00,21.0,81,0.492,276.0,812.6,30.813016,78.271553,node_5_4
2026-08-07T14:00,21.3,79,0.491,241.0,812.2,30.813016,78.271553,node_5_4
2026-08-07T15:00,22.8,71,0.49,456.0,812.1,30.813016,78.271553,node_5_4
2026-08-07T16:00,22.8,70,0.488,368.0,811.8,30.813016,78.271553,node_5_4
2026-08-07T17:00,21.7,75,0.486,237.0,811.6,30.813016,78.271553,node_5_4
2026-08-07T18:00,20.3,87,0.486,112.0,811.1,30.813016,78.271553,node_5_4
2026-08-07T19:00,18.9,92,0.487,11.0,810.8,30.813016,78.271553,node_5_4
2026-08-07T20:00,18.9,88,0.486,0.0,811.7,30.813016,78.271553,node_5_4
2026-08-07T21:00,18.7,86,0.486,0.0,811.9,30.813016,78.271553,node_5_4
2026-08-07T22:00,18.3,87,0.486,0.0,812.6,30.813016,78.271553,node_5_4
2026-08-07T23:00,17.7,89,0.486,0.0,812.2,30.813016,78.271553,node_5_4
2026-08-08T00:00,17.3,90,0.491,0.0,811.6,30.813016,78.271553,node_5_4
2026-08-08T01:00,16.9,88,0.491,0.0,811.1,30.813016,78.271553,node_5_4
2026-08-08T02:00,17.6,80,0.491,0.0,811.5,30.813016,78.271553,node_5_4
2026-08-08T03:00,17.5,82,0.491,0.0,811.2,30.813016,78.271553,node_5_4
2026-08-08T04:00,17.5,81,0.491,0.0,811.2,30.813016,78.271553,node_5_4
2026-08-08T05:00,18.0,83,0.489,0.0,811.8,30.813016,78.271553,node_5_4
2026-08-08T06:00,17.7,85,0.489,32.0,811.7,30.813016,78.271553,node_5_4
2026-08-08T07:00,18.6,93,0.488,179.0,812.8,30.813016,78.271553,node_5_4
2026-08-08T08:00,20.1,89,0.488,373.0,813.8,30.813016,78.271553,node_5_4
2026-08-08T09:00,22.3,75,0.486,574.0,814.9,30.813016,78.271553,node_5_4
2026-08-08T10:00,24.0,64,0.484,740.0,815.6,30.813016,78.271553,node_5_4
2026-08-08T11:00,24.7,58,0.482,839.0,816.0,30.813016,78.271553,node_5_4
2026-08-08T12:00,25.7,53,0.479,902.0,816.1,30.813016,78.271553,node_5_4
2026-08-08T13:00,26.7,48,0.477,885.0,815.4,30.813016,78.271553,node_5_4
2026-08-08T14:00,27.0,46,0.475,789.0,814.7,30.813016,78.271553,node_5_4
2026-08-08T15:00,25.9,50,0.473,637.0,813.9,30.813016,78.271553,node_5_4
2026-08-08T16:00,23.1,70,0.475,445.0,812.8,30.813016,78.271553,node_5_4
2026-08-08T17:00,21.6,79,0.481,291.0,813.4,30.813016,78.271553,node_5_4
2026-08-08T18:00,19.4,95,0.483,115.0,812.7,30.813016,78.271553,node_5_4
2026-08-08T19:00,18.7,97,0.484,11.0,812.8,30.813016,78.271553,node_5_4
2026-08-08T20:00,18.8,91,0.484,0.0,813.8,30.813016,78.271553,node_5_4
2026-08-08T21:00,18.4,92,0.484,0.0,814.5,30.813016,78.271553,node_5_4
2026-08-08T22:00,18.0,90,0.483,0.0,814.2,30.813016,78.271553,node_5_4
2026-08-08T23:00,18.4,92,0.483,0.0,814.3,30.813016,78.271553,node_5_4
2026-08-09T00:00,17.9,94,0.488,0.0,814.2,30.813016,78.271553,node_5_4
2026-08-09T01:00,17.8,92,0.489,0.0,813.5,30.813016,78.271553,node_5_4
2026-08-09T02:00,17.4,91,0.489,0.0,813.0,30.813016,78.271553,node_5_4
2026-08-09T03:00,16.8,92,0.488,0.0,812.5,30.813016,78.271553,node_5_4
2026-08-09T04:00,16.7,91,0.487,0.0,812.7,30.813016,78.271553,node_5_4
2026-08-09T05:00,17.7,94,0.477,0.0,813.5,30.813016,78.271553,node_5_4
2026-08-09T06:00,17.3,98,0.476,24.0,813.4,30.813016,78.271553,node_5_4
2026-08-09T07:00,18.0,97,0.477,162.0,814.1,30.813016,78.271553,node_5_4
2026-08-09T08:00,19.1,93,0.477,304.0,814.5,30.813016,78.271553,node_5_4
2026-08-09T09:00,19.8,90,0.478,377.0,814.9,30.813016,78.271553,node_5_4
2026-08-09T10:00,21.8,79,0.478,626.0,815.6,30.813016,78.271553,node_5_4
2026-08-09T11:00,23.8,63,0.486,785.0,815.8,30.813016,78.271553,node_5_4
2026-08-09T12:00,23.9,61,0.484,780.0,815.4,30.813016,78.271553,node_5_4
2026-08-09T13:00,24.0,62,0.484,769.0,814.8,30.813016,78.271553,node_5_4
2026-08-09T14:00,24.2,62,0.486,646.0,815.0,30.813016,78.271553,node_5_4
2026-08-09T15:00,20.9,83,0.487,367.0,813.3,30.813016,78.271553,node_5_4
2026-08-09T16:00,21.3,80,0.487,378.0,813.2,30.813016,78.271553,node_5_4
2026-08-09T17:00,21.9,80,0.484,225.0,812.6,30.813016,78.271553,node_5_4
2026-08-09T18:00,20.2,90,0.484,111.0,812.1,30.813016,78.271553,node_5_4
2026-08-09T19:00,18.6,96,0.485,9.0,812.2,30.813016,78.271553,node_5_4
2026-08-09T20:00,18.4,99,0.486,0.0,812.9,30.813016,78.271553,node_5_4
2026-08-09T21:00,18.4,100,0.489,0.0,813.7,30.813016,78.271553,node_5_4
2026-08-09T22:00,18.2,100,0.491,0.0,813.8,30.813016,78.271553,node_5_4
2026-08-09T23:00,18.1,99,0.491,0.0,813.4,30.813016,78.271553,node_5_4
2026-08-10T00:00,18.0,99,0.493,0.0,813.0,30.813016,78.271553,node_5_4
2026-08-10T01:00,17.8,99,0.493,0.0,812.4,30.813016,78.271553,node_5_4
2026-08-10T02:00,17.5,99,0.494,0.0,812.2,30.813016,78.271553,node_5_4
2026-08-10T03:00,17.5,99,0.493,0.0,812.0,30.813016,78.271553,node_5_4
2026-08-10T04:00,17.3,99,0.492,0.0,812.0,30.813016,78.271553,node_5_4
2026-08-10T05:00,18.0,100,0.49,0.0,811.5,30.813016,78.271553,node_5_4
2026-08-10T06:00,18.0,100,0.493,8.0,811.8,30.813016,78.271553,node_5_4
2026-08-10T07:00,17.9,100,0.501,65.0,812.0,30.813016,78.271553,node_5_4
2026-08-10T08:00,18.2,100,0.515,83.0,812.5,30.813016,78.271553,node_5_4
2026-08-10T09:00,18.1,96,0.513,110.0,812.6,30.813016,78.271553,node_5_4
2026-08-10T10:00,18.7,98,0.515,174.0,813.0,30.813016,78.271553,node_5_4
2026-08-10T11:00,18.7,94,0.513,235.0,812.9,30.813016,78.271553,node_5_4
2026-08-10T12:00,18.6,99,0.515,198.0,813.0,30.813016,78.271553,node_5_4
2026-08-10T13:00,18.7,97,0.513,265.0,812.6,30.813016,78.271553,node_5_4
2026-08-10T14:00,18.6,100,0.511,217.0,812.0,30.813016,78.271553,node_5_4
2026-08-10T15:00,19.2,96,0.509,368.0,811.7,30.813016,78.271553,node_5_4
2026-08-10T16:00,19.2,94,0.506,282.0,811.6,30.813016,78.271553,node_5_4
2026-08-10T17:00,18.9,98,0.516,115.0,811.5,30.813016,78.271553,node_5_4
2026-08-10T18:00,18.4,100,0.511,65.0,811.4,30.813016,78.271553,node_5_4
2026-08-10T19:00,17.9,100,0.509,7.0,811.5,30.813016,78.271553,node_5_4
2026-08-10T20:00,18.2,98,0.506,0.0,812.2,30.813016,78.271553,node_5_4
2026-08-10T21:00,18.2,98,0.505,0.0,812.8,30.813016,78.271553,node_5_4
2026-08-10T22:00,18.1,98,0.503,0.0,813.0,30.813016,78.271553,node_5_4
2026-08-10T23:00,18.0,100,0.499,0.0,811.8,30.813016,78.271553,node_5_4
2026-08-11T00:00,17.4,100,0.499,0.0,811.5,30.813016,78.271553,node_5_4
2026-08-11T01:00,17.4,100,0.499,0.0,811.5,30.813016,78.271553,node_5_4
2026-08-11T02:00,17.3,100,0.501,0.0,811.4,30.813016,78.271553,node_5_4
2026-08-11T03:00,17.5,100,0.502,0.0,811.3,30.813016,78.271553,node_5_4
2026-08-11T04:00,17.3,100,0.502,0.0,811.2,30.813016,78.271553,node_5_4
2026-08-11T05:00,17.4,100,0.509,0.0,812.0,30.813016,78.271553,node_5_4
2026-08-11T06:00,17.2,99,0.514,5.0,812.0,30.813016,78.271553,node_5_4
2026-08-11T07:00,17.5,99,0.514,48.0,812.2,30.813016,78.271553,node_5_4
2026-08-11T08:00,18.2,96,0.511,178.0,813.0,30.813016,78.271553,node_5_4
2026-08-11T09:00,19.0,93,0.509,318.0,813.6,30.813016,78.271553,node_5_4
2026-08-11T10:00,20.3,85,0.507,414.0,814.2,30.813016,78.271553,node_5_4
2026-08-11T11:00,18.0,99,0.508,330.0,813.9,30.813016,78.271553,node_5_4
2026-08-11T12:00,18.9,95,0.508,338.0,814.0,30.813016,78.271553,node_5_4
2026-08-11T13:00,18.9,94,0.51,270.0,813.4,30.813016,78.271553,node_5_4
2026-08-11T14:00,20.1,84,0.507,367.0,813.4,30.813016,78.271553,node_5_4
2026-08-11T15:00,19.6,90,0.508,387.0,812.4,30.813016,78.271553,node_5_4
2026-08-11T16:00,20.1,92,0.51,347.0,811.9,30.813016,78.271553,node_5_4
2026-08-11T17:00,19.6,98,0.507,139.0,812.6,30.813016,78.271553,node_5_4
2026-08-11T18:00,19.6,98,0.504,54.0,811.7,30.813016,78.271553,node_5_4
2026-08-11T19:00,18.7,100,0.502,6.0,811.9,30.813016,78.271553,node_5_4
2026-08-11T20:00,18.6,97,0.5,0.0,812.4,30.813016,78.271553,node_5_4
2026-08-11T21:00,18.5,93,0.499,0.0,812.9,30.813016,78.271553,node_5_4
2026-08-11T22:00,18.4,89,0.498,0.0,813.5,30.813016,78.271553,node_5_4
2026-08-11T23:00,18.7,85,0.499,0.0,813.3,30.813016,78.271553,node_5_4
2026-08-12T00:00,18.5,83,0.498,0.0,813.5,30.813016,78.271553,node_5_4
2026-08-12T01:00,18.4,81,0.497,0.0,813.6,30.813016,78.271553,node_5_4
2026-08-12T02:00,18.3,80,0.496,0.0,813.3,30.813016,78.271553,node_5_4
2026-08-12T03:00,18.3,79,0.495,0.0,812.8,30.813016,78.271553,node_5_4
2026-08-12T04:00,18.3,78,0.494,0.0,812.8,30.813016,78.271553,node_5_4
2026-08-12T05:00,18.1,81,0.493,0.0,812.5,30.813016,78.271553,node_5_4
2026-08-12T06:00,18.5,81,0.493,24.0,813.1,30.813016,78.271553,node_5_4
2026-08-12T07:00,19.1,90,0.492,153.0,813.7,30.813016,78.271553,node_5_4
2026-08-12T08:00,20.4,87,0.491,328.0,814.6,30.813016,78.271553,node_5_4
2026-08-12T09:00,22.7,73,0.49,516.0,815.7,30.813016,78.271553,node_5_4
2026-08-12T10:00,25.0,62,0.488,745.0,816.4,30.813016,78.271553,node_5_4
2026-08-12T11:00,27.0,52,0.498,857.0,816.2,30.813016,78.271553,node_5_4
2026-08-12T12:00,28.0,46,0.494,897.0,816.1,30.813016,78.271553,node_5_4
2026-08-12T13:00,27.4,48,0.492,825.0,815.6,30.813016,78.271553,node_5_4
2026-08-12T14:00,26.2,53,0.49,697.0,815.3,30.813016,78.271553,node_5_4
2026-08-12T15:00,25.9,58,0.488,568.0,814.8,30.813016,78.271553,node_5_4
2026-08-12T16:00,25.3,61,0.486,468.0,814.3,30.813016,78.271553,node_5_4
2026-08-12T17:00,24.9,57,0.477,293.0,813.9,30.813016,78.271553,node_5_4
2026-08-12T18:00,22.9,73,0.476,129.0,813.7,30.813016,78.271553,node_5_4
2026-08-12T19:00,20.8,80,0.477,10.0,814.3,30.813016,78.271553,node_5_4
2026-08-12T20:00,18.8,92,0.479,0.0,815.3,30.813016,78.271553,node_5_4
2026-08-12T21:00,18.9,96,0.482,0.0,815.4,30.813016,78.271553,node_5_4
2026-08-12T22:00,18.6,92,0.482,0.0,815.6,30.813016,78.271553,node_5_4
2026-08-12T23:00,18.9,90,0.487,0.0,815.2,30.813016,78.271553,node_5_4
2026-08-13T00:00,18.3,87,0.486,0.0,814.8,30.813016,78.271553,node_5_4
2026-08-13T01:00,17.4,89,0.486,0.0,813.7,30.813016,78.271553,node_5_4
2026-08-13T02:00,17.0,91,0.485,0.0,812.9,30.813016,78.271553,node_5_4
2026-08-13T03:00,17.4,88,0.485,0.0,812.9,30.813016,78.271553,node_5_4
2026-08-13T04:00,18.4,82,0.484,0.0,813.7,30.813016,78.271553,node_5_4
2026-08-13T05:00,18.5,78,0.472,0.0,813.2,30.813016,78.271553,node_5_4
2026-08-13T06:00,19.4,79,0.472,24.0,814.0,30.813016,78.271553,node_5_4
2026-08-13T07:00,20.1,82,0.472,156.0,814.5,30.813016,78.271553,node_5_4
2026-08-13T08:00,21.2,80,0.471,318.0,814.9,30.813016,78.271553,node_5_4
2026-08-13T09:00,23.2,71,0.47,557.0,815.2,30.813016,78.271553,node_5_4
2026-08-13T10:00,24.6,67,0.469,755.0,815.7,30.813016,78.271553,node_5_4
2026-08-13T11:00,24.9,65,0.466,822.0,816.0,30.813016,78.271553,node_5_4
2026-08-13T12:00,24.4,64,0.466,818.0,815.6,30.813016,78.271553,node_5_4
2026-08-13T13:00,24.3,69,0.467,673.0,815.4,30.813016,78.271553,node_5_4
2026-08-13T14:00,24.4,73,0.467,719.0,814.8,30.813016,78.271553,node_5_4
2026-08-13T15:00,20.9,90,0.475,523.0,812.9,30.813016,78.271553,node_5_4
2026-08-13T16:00,20.4,92,0.477,340.0,812.5,30.813016,78.271553,node_5_4
2026-08-13T17:00,19.9,89,0.471,225.0,812.8,30.813016,78.271553,node_5_4
2026-08-13T18:00,18.9,99,0.474,87.0,812.5,30.813016,78.271553,node_5_4
2026-08-13T19:00,18.7,100,0.475,6.0,813.1,30.813016,78.271553,node_5_4
2026-08-13T20:00,18.7,99,0.476,0.0,813.4,30.813016,78.271553,node_5_4
2026-08-13T21:00,18.6,97,0.476,0.0,813.6,30.813016,78.271553,node_5_4
2026-08-13T22:00,18.1,97,0.476,0.0,813.4,30.813016,78.271553,node_5_4
2026-08-13T23:00,18.0,98,0.475,0.0,812.5,30.813016,78.271553,node_5_4
2026-08-14T00:00,17.7,94,0.475,0.0,812.1,30.813016,78.271553,node_5_4
2026-08-14T01:00,17.6,94,0.475,0.0,812.4,30.813016,78.271553,node_5_4
2026-08-14T02:00,17.9,91,0.475,0.0,812.5,30.813016,78.271553,node_5_4
2026-08-14T03:00,17.8,90,0.475,0.0,812.0,30.813016,78.271553,node_5_4
2026-08-14T04:00,18.2,87,0.474,0.0,812.1,30.813016,78.271553,node_5_4
2026-08-14T05:00,18.3,100,0.478,0.0,811.7,30.813016,78.271553,node_5_4
2026-08-14T06:00,18.4,100,0.477,14.0,812.5,30.813016,78.271553,node_5_4
2026-08-14T07:00,18.5,98,0.477,75.0,812.5,30.813016,78.271553,node_5_4
2026-08-14T08:00,19.7,94,0.477,208.0,813.6,30.813016,78.271553,node_5_4
2026-08-14T09:00,20.6,87,0.476,324.0,814.6,30.813016,78.271553,node_5_4
2026-08-14T10:00,20.7,83,0.475,323.0,814.9,30.813016,78.271553,node_5_4
2026-08-14T11:00,22.6,73,0.478,530.0,815.4,30.813016,78.271553,node_5_4
2026-08-14T12:00,18.7,92,0.508,410.0,814.4,30.813016,78.271553,node_5_4
2026-08-14T13:00,20.0,96,0.508,574.0,814.4,30.813016,78.271553,node_5_4
2026-08-14T14:00,21.8,84,0.503,701.0,814.6,30.813016,78.271553,node_5_4
2026-08-14T15:00,22.0,72,0.499,446.0,813.9,30.813016,78.271553,node_5_4
2026-08-14T16:00,18.3,98,0.51,185.0,813.1,30.813016,78.271553,node_5_4
2026-08-14T17:00,19.1,98,0.489,94.0,812.9,30.813016,78.271553,node_5_4
2026-08-14T18:00,18.7,98,0.488,38.0,812.2,30.813016,78.271553,node_5_4
2026-08-14T19:00,18.5,100,0.487,4.0,811.9,30.813016,78.271553,node_5_4
2026-08-14T20:00,18.3,98,0.485,0.0,812.7,30.813016,78.271553,node_5_4
2026-08-14T21:00,18.6,98,0.484,0.0,813.3,30.813016,78.271553,node_5_4
2026-08-14T22:00,18.3,100,0.483,0.0,813.6,30.813016,78.271553,node_5_4
2026-08-14T23:00,18.2,100,0.48,0.0,813.4,30.813016,78.271553,node_5_4
2026-08-15T00:00,17.9,100,0.479,0.0,813.0,30.813016,78.271553,node_5_4
2026-08-15T01:00,17.8,100,0.479,0.0,812.5,30.813016,78.271553,node_5_4
2026-08-15T02:00,17.5,100,0.478,0.0,812.4,30.813016,78.271553,node_5_4
2026-08-15T03:00,17.2,100,0.478,0.0,812.1,30.813016,78.271553,node_5_4
2026-08-15T04:00,17.2,98,0.477,0.0,812.3,30.813016,78.271553,node_5_4
2026-08-15T05:00,17.4,99,0.485,0.0,812.6,30.813016,78.271553,node_5_4
2026-08-15T06:00,17.6,99,0.484,13.0,812.8,30.813016,78.271553,node_5_4
2026-08-15T07:00,18.5,94,0.483,107.0,813.7,30.813016,78.271553,node_5_4
2026-08-15T08:00,19.5,87,0.482,258.0,814.5,30.813016,78.271553,node_5_4
2026-08-15T09:00,20.7,79,0.481,436.0,815.0,30.813016,78.271553,node_5_4
2026-08-15T10:00,22.1,72,0.48,528.0,815.5,30.813016,78.271553,node_5_4
2026-08-15T11:00,23.7,65,0.479,679.0,815.9,30.813016,78.271553,node_5_4
2026-08-15T12:00,24.0,61,0.477,741.0,815.3,30.813016,78.271553,node_5_4
2026-08-15T13:00,24.7,60,0.475,802.0,814.8,30.813016,78.271553,node_5_4
2026-08-15T14:00,23.2,68,0.474,535.0,813.6,30.813016,78.271553,node_5_4
2026-08-15T15:00,22.5,74,0.472,425.0,812.7,30.813016,78.271553,node_5_4
2026-08-15T16:00,22.4,74,0.471,343.0,812.0,30.813016,78.271553,node_5_4
2026-08-15T17:00,22.4,73,0.47,238.0,811.7,30.813016,78.271553,node_5_4
2026-08-15T18:00,20.3,85,0.47,93.0,811.4,30.813016,78.271553,node_5_4
2026-08-15T19:00,18.4,94,0.471,6.0,811.3,30.813016,78.271553,node_5_4
2026-08-15T20:00,18.2,100,0.476,0.0,812.2,30.813016,78.271553,node_5_4
2026-08-15T21:00,18.5,100,0.476,0.0,812.8,30.813016,78.271553,node_5_4
2026-08-15T22:00,18.0,100,0.475,0.0,812.8,30.813016,78.271553,node_5_4
2026-08-15T23:00,18.1,100,0.476,0.0,812.4,30.813016,78.271553,node_5_4
2026-08-16T00:00,17.7,100,0.475,0.0,811.7,30.813016,78.271553,node_5_4
2026-08-16T01:00,17.6,100,0.475,0.0,811.2,30.813016,78.271553,node_5_4
2026-08-16T02:00,17.5,99,0.474,0.0,810.6,30.813016,78.271553,node_5_4
2026-08-16T03:00,17.5,97,0.474,0.0,810.3,30.813016,78.271553,node_5_4
2026-08-16T04:00,17.4,96,0.473,0.0,810.5,30.813016,78.271553,node_5_4
2026-08-16T05:00,17.7,100,0.472,0.0,810.3,30.813016,78.271553,node_5_4
2026-08-16T06:00,17.7,99,0.472,16.0,810.9,30.813016,78.271553,node_5_4
2026-08-16T07:00,18.4,96,0.473,87.0,811.5,30.813016,78.271553,node_5_4
2026-08-16T08:00,19.6,89,0.474,272.0,812.2,30.813016,78.271553,node_5_4
2026-08-16T09:00,21.3,81,0.475,482.0,812.9,30.813016,78.271553,node_5_4
2026-08-16T10:00,23.2,69,0.474,659.0,813.2,30.813016,78.271553,node_5_4
2026-08-16T11:00,23.1,69,0.477,828.0,813.5,30.813016,78.271553,node_5_4
2026-08-16T12:00,24.8,61,0.474,823.0,813.5,30.813016,78.271553,node_5_4
2026-08-16T13:00,24.7,63,0.472,762.0,813.4,30.813016,78.271553,node_5_4
2026-08-16T14:00,23.0,71,0.47,522.0,812.2,30.813016,78.271553,node_5_4
2026-08-16T15:00,22.3,77,0.469,506.0,811.7,30.813016,78.271553,node_5_4
2026-08-16T16:00,21.0,83,0.469,337.0,811.4,30.813016,78.271553,node_5_4
2026-08-16T17:00,19.6,97,0.475,223.0,811.3,30.813016,78.271553,node_5_4
2026-08-16T18:00,18.9,97,0.476,94.0,810.6,30.813016,78.271553,node_5_4
2026-08-16T19:00,18.1,98,0.478,6.0,811.1,30.813016,78.271553,node_5_4
2026-08-16T20:00,17.9,100,0.478,0.0,811.8,30.813016,78.271553,node_5_4
2026-08-16T21:00,17.8,100,0.478,0.0,812.1,30.813016,78.271553,node_5_4
2026-08-16T22:00,17.6,100,0.477,0.0,812.2,30.813016,78.271553,node_5_4
2026-08-16T23:00,17.9,100,0.477,0.0,811.5,30.813016,78.271553,node_5_4
2026-08-17T00:00,17.9,100,0.477,0.0,811.4,30.813016,78.271553,node_5_4
2026-08-17T01:00,17.7,100,0.477,0.0,811.0,30.813016,78.271553,node_5_4
2026-08-17T02:00,17.1,100,0.476,0.0,810.3,30.813016,78.271553,node_5_4
2026-08-17T03:00,17.1,99,0.476,0.0,810.2,30.813016,78.271553,node_5_4
2026-08-17T04:00,17.0,98,0.475,0.0,809.9,30.813016,78.271553,node_5_4
2026-08-17T05:00,17.1,100,0.467,0.0,810.6,30.813016,78.271553,node_5_4
2026-08-17T06:00,17.1,100,0.466,17.0,811.1,30.813016,78.271553,node_5_4
2026-08-17T07:00,18.5,94,0.466,110.0,811.6,30.813016,78.271553,node_5_4
2026-08-17T08:00,20.5,84,0.466,282.0,812.6,30.813016,78.271553,node_5_4
2026-08-17T09:00,21.8,74,0.464,504.0,813.1,30.813016,78.271553,node_5_4
2026-08-17T10:00,23.1,66,0.463,683.0,814.1,30.813016,78.271553,node_5_4
2026-08-17T11:00,24.0,60,0.46,759.0,814.3,30.813016,78.271553,node_5_4
2026-08-17T12:00,25.1,54,0.458,792.0,814.0,30.813016,78.271553,node_5_4
2026-08-17T13:00,24.8,56,0.456,814.0,813.6,30.813016,78.271553,node_5_4
2026-08-17T14:00,21.8,74,0.456,675.0,812.9,30.813016,78.271553,node_5_4
2026-08-17T15:00,21.6,81,0.456,519.0,812.6,30.813016,78.271553,node_5_4
2026-08-17T16:00,21.7,81,0.456,476.0,812.1,30.813016,78.271553,node_5_4
2026-08-17T17:00,19.1,93,0.457,220.0,811.4,30.813016,78.271553,node_5_4
2026-08-17T18:00,18.5,98,0.458,74.0,811.4,30.813016,78.271553,node_5_4
2026-08-17T19:00,18.1,100,0.458,4.0,811.8,30.813016,78.271553,node_5_4
2026-08-17T20:00,17.8,100,0.458,0.0,812.4,30.813016,78.271553,node_5_4
2026-08-17T21:00,17.7,100,0.459,0.0,812.7,30.813016,78.271553,node_5_4
2026-08-17T22:00,17.3,100,0.459,0.0,813.0,30.813016,78.271553,node_5_4
2026-08-17T23:00,18.1,96,0.458,0.0,812.5,30.813016,78.271553,node_5_4
2026-08-18T00:00,17.5,95,0.459,0.0,812.2,30.813016,78.271553,node_5_4
2026-08-18T01:00,17.2,97,0.464,0.0,811.6,30.813016,78.271553,node_5_4
2026-08-18T02:00,17.4,95,0.466,0.0,810.8,30.813016,78.271553,node_5_4
2026-08-18T03:00,17.3,91,0.466,0.0,810.2,30.813016,78.271553,node_5_4
2026-08-18T04:00,16.4,98,0.466,0.0,811.0,30.813016,78.271553,node_5_4
2026-08-18T05:00,17.0,96,0.46,0.0,811.3,30.813016,78.271553,node_5_4
2026-08-18T06:00,18.1,90,0.46,14.0,812.2,30.813016,78.271553,node_5_4
2026-08-18T07:00,19.6,94,0.46,122.0,812.4,30.813016,78.271553,node_5_4
2026-08-18T08:00,19.2,91,0.46,302.0,812.9,30.813016,78.271553,node_5_4
2026-08-18T09:00,20.7,82,0.461,503.0,814.0,30.813016,78.271553,node_5_4
2026-08-18T10:00,21.4,80,0.461,494.0,814.6,30.813016,78.271553,node_5_4
2026-08-18T11:00,20.8,82,0.46,603.0,815.2,30.813016,78.271553,node_5_4
2026-08-18T12:00,22.1,81,0.463,588.0,815.3,30.813016,78.271553,node_5_4
2026-08-18T13:00,23.1,72,0.462,571.0,815.0,30.813016,78.271553,node_5_4
2026-08-18T14:00,22.9,72,0.462,469.0,814.2,30.813016,78.271553,node_5_4
2026-08-18T15:00,22.6,70,0.462,409.0,813.8,30.813016,78.271553,node_5_4
2026-08-18T16:00,21.3,76,0.462,331.0,813.1,30.813016,78.271553,node_5_4
2026-08-18T17:00,18.4,99,0.47,261.0,812.6,30.813016,78.271553,node_5_4
2026-08-18T18:00,17.9,99,0.48,58.0,812.9,30.813016,78.271553,node_5_4
2026-08-18T19:00,17.8,98,0.481,3.0,813.5,30.813016,78.271553,node_5_4
2026-08-18T20:00,17.7,97,0.48,0.0,813.6,30.813016,78.271553,node_5_4
2026-08-18T21:00,17.6,95,0.479,0.0,814.0,30.813016,78.271553,node_5_4
2026-08-18T22:00,17.2,94,0.478,0.0,813.8,30.813016,78.271553,node_5_4
2026-08-18T23:00,17.7,96,0.475,0.0,813.8,30.813016,78.271553,node_5_4
2026-08-01T00:00,15.5,97,0.502,0.0,790.6,31.083286,78.001282,node_6_3
2026-08-01T01:00,15.7,95,0.5,0.0,790.5,31.083286,78.001282,node_6_3
2026-08-01T02:00,15.3,95,0.499,0.0,790.0,31.083286,78.001282,node_6_3
2026-08-01T03:00,15.3,96,0.498,0.0,790.3,31.083286,78.001282,node_6_3
2026-08-01T04:00,15.3,95,0.497,0.0,790.2,31.083286,78.001282,node_6_3
2026-08-01T05:00,16.0,93,0.495,0.0,790.6,31.083286,78.001282,node_6_3
2026-08-01T06:00,16.0,97,0.495,37.0,790.9,31.083286,78.001282,node_6_3
2026-08-01T07:00,17.6,96,0.494,187.0,791.9,31.083286,78.001282,node_6_3
2026-08-01T08:00,19.9,82,0.493,338.0,793.5,31.083286,78.001282,node_6_3
2026-08-01T09:00,21.9,71,0.492,531.0,794.0,31.083286,78.001282,node_6_3
2026-08-01T10:00,23.9,59,0.49,658.0,794.2,31.083286,78.001282,node_6_3
2026-08-01T11:00,24.9,53,0.49,700.0,794.3,31.083286,78.001282,node_6_3
2026-08-01T12:00,26.0,50,0.487,906.0,794.2,31.083286,78.001282,node_6_3
2026-08-01T13:00,25.6,52,0.486,849.0,793.3,31.083286,78.001282,node_6_3
2026-08-01T14:00,21.6,84,0.493,820.0,791.0,31.083286,78.001282,node_6_3
2026-08-01T15:00,21.1,93,0.507,463.0,791.5,31.083286,78.001282,node_6_3
2026-08-01T16:00,18.9,96,0.514,335.0,791.1,31.083286,78.001282,node_6_3
2026-08-01T17:00,19.3,94,0.509,172.0,790.7,31.083286,78.001282,node_6_3
2026-08-01T18:00,18.8,94,0.506,107.0,791.0,31.083286,78.001282,node_6_3
2026-08-01T19:00,17.4,98,0.506,15.0,790.7,31.083286,78.001282,node_6_3
2026-08-01T20:00,17.4,100,0.505,0.0,791.3,31.083286,78.001282,node_6_3
2026-08-01T21:00,17.4,98,0.503,0.0,792.1,31.083286,78.001282,node_6_3
2026-08-01T22:00,17.2,96,0.501,0.0,792.3,31.083286,78.001282,node_6_3
2026-08-01T23:00,16.9,97,0.5,0.0,791.7,31.083286,78.001282,node_6_3
2026-08-02T00:00,16.2,98,0.499,0.0,791.2,31.083286,78.001282,node_6_3
2026-08-02T01:00,15.8,100,0.498,0.0,790.8,31.083286,78.001282,node_6_3
2026-08-02T02:00,15.5,98,0.497,0.0,790.6,31.083286,78.001282,node_6_3
2026-08-02T03:00,15.6,98,0.499,0.0,790.3,31.083286,78.001282,node_6_3
2026-08-02T04:00,16.0,94,0.502,0.0,791.2,31.083286,78.001282,node_6_3
2026-08-02T05:00,16.3,97,0.499,0.0,791.2,31.083286,78.001282,node_6_3
2026-08-02T06:00,16.5,98,0.497,31.0,791.7,31.083286,78.001282,node_6_3
2026-08-02T07:00,17.7,97,0.496,153.0,792.5,31.083286,78.001282,node_6_3
2026-08-02T08:00,21.4,77,0.495,383.0,794.0,31.083286,78.001282,node_6_3
2026-08-02T09:00,23.0,66,0.493,577.0,794.5,31.083286,78.001282,node_6_3
2026-08-02T10:00,24.2,59,0.491,701.0,794.6,31.083286,78.001282,node_6_3
2026-08-02T11:00,24.6,59,0.49,814.0,794.8,31.083286,78.001282,node_6_3
2026-08-02T12:00,24.7,63,0.49,865.0,794.6,31.083286,78.001282,node_6_3
2026-08-02T13:00,25.3,61,0.488,822.0,794.5,31.083286,78.001282,node_6_3
2026-08-02T14:00,24.7,61,0.486,611.0,793.3,31.083286,78.001282,node_6_3
2026-08-02T15:00,21.1,88,0.493,473.0,791.8,31.083286,78.001282,node_6_3
2026-08-02T16:00,18.7,97,0.513,295.0,791.6,31.083286,78.001282,node_6_3
2026-08-02T17:00,19.7,89,0.51,238.0,792.0,31.083286,78.001282,node_6_3
2026-08-02T18:00,18.3,94,0.507,118.0,791.3,31.083286,78.001282,node_6_3
2026-08-02T19:00,17.5,97,0.514,13.0,792.3,31.083286,78.001282,node_6_3
2026-08-02T20:00,17.5,98,0.508,0.0,792.7,31.083286,78.001282,node_6_3
2026-08-02T21:00,17.1,99,0.51,0.0,792.6,31.083286,78.001282,node_6_3
2026-08-02T22:00,16.1,100,0.509,0.0,792.2,31.083286,78.001282,node_6_3
2026-08-02T23:00,17.3,98,0.509,0.0,792.5,31.083286,78.001282,node_6_3
2026-08-03T00:00,17.0,98,0.508,0.0,791.6,31.083286,78.001282,node_6_3
2026-08-03T01:00,16.0,99,0.506,0.0,790.5,31.083286,78.001282,node_6_3
2026-08-03T02:00,15.3,100,0.504,0.0,790.4,31.083286,78.001282,node_6_3
2026-08-03T03:00,15.4,100,0.502,0.0,790.3,31.083286,78.001282,node_6_3
2026-08-03T04:00,16.0,98,0.501,0.0,790.2,31.083286,78.001282,node_6_3
2026-08-03T05:00,16.4,97,0.496,0.0,790.6,31.083286,78.001282,node_6_3
2026-08-03T06:00,16.6,98,0.496,25.0,791.2,31.083286,78.001282,node_6_3
2026-08-03T07:00,17.4,98,0.495,70.0,791.5,31.083286,78.001282,node_6_3
2026-08-03T08:00,18.5,94,0.494,212.0,793.1,31.083286,78.001282,node_6_3
2026-08-03T09:00,19.7,89,0.494,285.0,793.3,31.083286,78.001282,node_6_3
2026-08-03T10:00,21.8,77,0.495,607.0,794.2,31.083286,78.001282,node_6_3
2026-08-03T11:00,21.9,74,0.496,665.0,794.1,31.083286,78.001282,node_6_3
2026-08-03T12:00,24.5,64,0.496,819.0,795.6,31.083286,78.001282,node_6_3
2026-08-03T13:00,23.0,69,0.497,468.0,794.4,31.083286,78.001282,node_6_3
2026-08-03T14:00,23.6,67,0.498,574.0,794.0,31.083286,78.001282,node_6_3
2026-08-03T15:00,24.7,61,0.496,614.0,793.6,31.083286,78.001282,node_6_3
2026-08-03T16:00,20.8,82,0.498,272.0,792.1,31.083286,78.001282,node_6_3
2026-08-03T17:00,20.3,86,0.509,191.0,792.0,31.083286,78.001282,node_6_3
2026-08-03T18:00,18.7,95,0.508,131.0,791.8,31.083286,78.001282,node_6_3
2026-08-03T19:00,17.6,99,0.516,14.0,792.0,31.083286,78.001282,node_6_3
2026-08-03T20:00,17.8,99,0.515,0.0,792.4,31.083286,78.001282,node_6_3
2026-08-03T21:00,17.4,98,0.517,0.0,793.4,31.083286,78.001282,node_6_3
2026-08-03T22:00,17.2,99,0.517,0.0,793.9,31.083286,78.001282,node_6_3
2026-08-03T23:00,17.7,97,0.51,0.0,793.1,31.083286,78.001282,node_6_3
2026-08-04T00:00,16.6,100,0.508,0.0,791.9,31.083286,78.001282,node_6_3
2026-08-04T01:00,15.9,100,0.51,0.0,791.5,31.083286,78.001282,node_6_3
2026-08-04T02:00,16.7,99,0.509,0.0,791.9,31.083286,78.001282,node_6_3
2026-08-04T03:00,16.9,96,0.506,0.0,791.8,31.083286,78.001282,node_6_3
2026-08-04T04:00,15.9,99,0.505,0.0,792.0,31.083286,78.001282,node_6_3
2026-08-04T05:00,17.4,98,0.505,0.0,791.1,31.083286,78.001282,node_6_3
2026-08-04T06:00,17.3,99,0.504,28.0,791.7,31.083286,78.001282,node_6_3
2026-08-04T07:00,18.4,96,0.502,148.0,792.7,31.083286,78.001282,node_6_3
2026-08-04T08:00,19.4,91,0.501,275.0,793.1,31.083286,78.001282,node_6_3
2026-08-04T09:00,18.7,91,0.518,372.0,793.2,31.083286,78.001282,node_6_3
2026-08-04T10:00,18.3,99,0.52,304.0,794.1,31.083286,78.001282,node_6_3
2026-08-04T11:00,17.8,98,0.498,56.0,794.0,31.083286,78.001282,node_6_3
2026-08-04T12:00,18.8,96,0.504,258.0,793.9,31.083286,78.001282,node_6_3
2026-08-04T13:00,20.5,88,0.502,465.0,794.4,31.083286,78.001282,node_6_3
2026-08-04T14:00,21.2,80,0.5,356.0,793.9,31.083286,78.001282,node_6_3
2026-08-04T15:00,20.6,84,0.501,360.0,793.3,31.083286,78.001282,node_6_3
2026-08-04T16:00,19.0,97,0.516,299.0,791.8,31.083286,78.001282,node_6_3
2026-08-04T17:00,22.6,70,0.496,273.0,792.2,31.083286,78.001282,node_6_3
2026-08-04T18:00,19.1,93,0.499,101.0,791.2,31.083286,78.001282,node_6_3
2026-08-04T19:00,17.3,100,0.514,11.0,791.5,31.083286,78.001282,node_6_3
2026-08-04T20:00,17.2,99,0.515,0.0,792.1,31.083286,78.001282,node_6_3
2026-08-04T21:00,17.4,98,0.51,0.0,792.3,31.083286,78.001282,node_6_3
2026-08-04T22:00,17.1,96,0.508,0.0,792.0,31.083286,78.001282,node_6_3
2026-08-04T23:00,17.7,96,0.505,0.0,792.1,31.083286,78.001282,node_6_3
2026-08-05T00:00,17.5,97,0.503,0.0,791.3,31.083286,78.001282,node_6_3
2026-08-05T01:00,17.1,98,0.502,0.0,790.7,31.083286,78.001282,node_6_3
2026-08-05T02:00,16.9,99,0.5,0.0,790.6,31.083286,78.001282,node_6_3
2026-08-05T03:00,16.9,96,0.499,0.0,790.3,31.083286,78.001282,node_6_3
2026-08-05T04:00,16.3,98,0.498,0.0,789.8,31.083286,78.001282,node_6_3
2026-08-05T05:00,17.3,98,0.49,0.0,790.4,31.083286,78.001282,node_6_3
2026-08-05T06:00,16.7,100,0.49,15.0,789.8,31.083286,78.001282,node_6_3
2026-08-05T07:00,17.5,97,0.491,110.0,790.6,31.083286,78.001282,node_6_3
2026-08-05T08:00,18.6,92,0.491,208.0,791.1,31.083286,78.001282,node_6_3
2026-08-05T09:00,22.2,68,0.49,441.0,792.7,31.083286,78.001282,node_6_3
2026-08-05T10:00,23.8,62,0.49,585.0,793.0,31.083286,78.001282,node_6_3
2026-08-05T11:00,24.8,61,0.476,738.0,793.0,31.083286,78.001282,node_6_3
2026-08-05T12:00,22.9,75,0.479,777.0,791.3,31.083286,78.001282,node_6_3
2026-08-05T13:00,20.7,89,0.507,809.0,790.7,31.083286,78.001282,node_6_3
2026-08-05T14:00,21.5,83,0.51,528.0,790.4,31.083286,78.001282,node_6_3
2026-08-05T15:00,21.8,81,0.511,506.0,789.8,31.083286,78.001282,node_6_3
2026-08-05T16:00,19.1,95,0.517,319.0,789.1,31.083286,78.001282,node_6_3
2026-08-05T17:00,20.6,91,0.501,208.0,789.8,31.083286,78.001282,node_6_3
2026-08-05T18:00,18.8,96,0.5,105.0,789.6,31.083286,78.001282,node_6_3
2026-08-05T19:00,17.5,100,0.508,12.0,789.7,31.083286,78.001282,node_6_3
2026-08-05T20:00,17.0,100,0.509,0.0,790.1,31.083286,78.001282,node_6_3
2026-08-05T21:00,16.9,97,0.508,0.0,790.8,31.083286,78.001282,node_6_3
2026-08-05T22:00,16.7,96,0.513,0.0,790.6,31.083286,78.001282,node_6_3
2026-08-05T23:00,17.1,98,0.51,0.0,789.7,31.083286,78.001282,node_6_3
2026-08-06T00:00,16.9,99,0.508,0.0,789.6,31.083286,78.001282,node_6_3
2026-08-06T01:00,17.0,98,0.505,0.0,789.5,31.083286,78.001282,node_6_3
2026-08-06T02:00,17.0,98,0.503,0.0,789.5,31.083286,78.001282,node_6_3
2026-08-06T03:00,17.0,97,0.502,0.0,789.4,31.083286,78.001282,node_6_3
2026-08-06T04:00,16.9,97,0.501,0.0,789.4,31.083286,78.001282,node_6_3
2026-08-06T05:00,16.4,100,0.505,0.0,788.2,31.083286,78.001282,node_6_3
2026-08-06T06:00,16.5,100,0.505,9.0,789.1,31.083286,78.001282,node_6_3
2026-08-06T07:00,16.9,99,0.516,26.0,790.0,31.083286,78.001282,node_6_3
2026-08-06T08:00,17.4,98,0.517,53.0,790.7,31.083286,78.001282,node_6_3
2026-08-06T09:00,17.8,98,0.517,137.0,791.5,31.083286,78.001282,node_6_3
2026-08-06T10:00,18.7,98,0.513,313.0,792.0,31.083286,78.001282,node_6_3
2026-08-06T11:00,17.1,91,0.518,369.0,791.6,31.083286,78.001282,node_6_3
2026-08-06T12:00,17.3,97,0.518,143.0,791.4,31.083286,78.001282,node_6_3
2026-08-06T13:00,17.5,94,0.518,198.0,791.3,31.083286,78.001282,node_6_3
2026-08-06T14:00,18.0,96,0.518,147.0,791.3,31.083286,78.001282,node_6_3
2026-08-06T15:00,18.4,97,0.516,140.0,791.3,31.083286,78.001282,node_6_3
2026-08-06T16:00,18.0,98,0.515,122.0,790.6,31.083286,78.001282,node_6_3
2026-08-06T17:00,17.6,100,0.514,78.0,790.4,31.083286,78.001282,node_6_3
2026-08-06T18:00,17.0,100,0.511,25.0,790.6,31.083286,78.001282,node_6_3
2026-08-06T19:00,16.4,100,0.508,7.0,790.7,31.083286,78.001282,node_6_3
2026-08-06T20:00,16.5,99,0.506,0.0,790.9,31.083286,78.001282,node_6_3
2026-08-06T21:00,16.4,99,0.506,0.0,790.9,31.083286,78.001282,node_6_3
2026-08-06T22:00,16.4,99,0.505,0.0,791.0,31.083286,78.001282,node_6_3
2026-08-06T23:00,16.5,99,0.503,0.0,790.4,31.083286,78.001282,node_6_3
2026-08-07T00:00,16.3,99,0.501,0.0,790.0,31.083286,78.001282,node_6_3
2026-08-07T01:00,16.2,98,0.5,0.0,790.2,31.083286,78.001282,node_6_3
2026-08-07T02:00,16.1,97,0.499,0.0,789.7,31.083286,78.001282,node_6_3
2026-08-07T03:00,15.9,97,0.497,0.0,789.3,31.083286,78.001282,node_6_3
2026-08-07T04:00,15.8,97,0.497,0.0,789.3,31.083286,78.001282,node_6_3
2026-08-07T05:00,16.6,98,0.493,0.0,790.1,31.083286,78.001282,node_6_3
2026-08-07T06:00,16.6,98,0.492,22.0,790.1,31.083286,78.001282,node_6_3
2026-08-07T07:00,17.7,96,0.492,151.0,791.0,31.083286,78.001282,node_6_3
2026-08-07T08:00,20.0,81,0.491,337.0,792.3,31.083286,78.001282,node_6_3
2026-08-07T09:00,22.7,63,0.49,488.0,793.8,31.083286,78.001282,node_6_3
2026-08-07T10:00,21.9,65,0.489,319.0,793.5,31.083286,78.001282,node_6_3
2026-08-07T11:00,21.8,70,0.492,243.0,793.7,31.083286,78.001282,node_6_3
2026-08-07T12:00,19.2,92,0.493,138.0,792.4,31.083286,78.001282,node_6_3
2026-08-07T13:00,19.6,90,0.495,276.0,792.2,31.083286,78.001282,node_6_3
2026-08-07T14:00,19.4,94,0.496,172.0,791.8,31.083286,78.001282,node_6_3
2026-08-07T15:00,21.0,83,0.495,247.0,792.0,31.083286,78.001282,node_6_3
2026-08-07T16:00,21.5,76,0.493,341.0,791.8,31.083286,78.001282,node_6_3
2026-08-07T17:00,20.5,78,0.488,116.0,791.9,31.083286,78.001282,node_6_3
2026-08-07T18:00,19.4,88,0.488,79.0,791.2,31.083286,78.001282,node_6_3
2026-08-07T19:00,17.5,92,0.488,15.0,790.4,31.083286,78.001282,node_6_3
2026-08-07T20:00,16.7,94,0.487,0.0,790.6,31.083286,78.001282,node_6_3
2026-08-07T21:00,16.1,94,0.487,0.0,790.6,31.083286,78.001282,node_6_3
2026-08-07T22:00,15.2,96,0.486,0.0,790.5,31.083286,78.001282,node_6_3
2026-08-07T23:00,15.4,100,0.486,0.0,790.3,31.083286,78.001282,node_6_3
2026-08-08T00:00,14.5,97,0.486,0.0,790.1,31.083286,78.001282,node_6_3
2026-08-08T01:00,14.0,99,0.487,0.0,789.7,31.083286,78.001282,node_6_3
2026-08-08T02:00,14.5,99,0.488,0.0,789.6,31.083286,78.001282,node_6_3
2026-08-08T03:00,14.0,97,0.487,0.0,789.1,31.083286,78.001282,node_6_3
2026-08-08T04:00,14.2,94,0.487,0.0,789.0,31.083286,78.001282,node_6_3
2026-08-08T05:00,15.4,100,0.486,0.0,791.0,31.083286,78.001282,node_6_3
2026-08-08T06:00,15.4,99,0.485,24.0,791.1,31.083286,78.001282,node_6_3
2026-08-08T07:00,17.9,92,0.485,175.0,792.5,31.083286,78.001282,node_6_3
2026-08-08T08:00,20.8,78,0.484,358.0,794.4,31.083286,78.001282,node_6_3
2026-08-08T09:00,22.9,64,0.482,542.0,795.2,31.083286,78.001282,node_6_3
2026-08-08T10:00,24.6,54,0.48,712.0,795.9,31.083286,78.001282,node_6_3
2026-08-08T11:00,25.8,48,0.48,784.0,796.4,31.083286,78.001282,node_6_3
2026-08-08T12:00,26.4,47,0.478,794.0,796.5,31.083286,78.001282,node_6_3
2026-08-08T13:00,26.7,46,0.476,886.0,795.7,31.083286,78.001282,node_6_3
2026-08-08T14:00,26.6,47,0.475,858.0,794.8,31.083286,78.001282,node_6_3
2026-08-08T15:00,25.0,55,0.478,657.0,793.9,31.083286,78.001282,node_6_3
2026-08-08T16:00,24.1,66,0.48,447.0,794.0,31.083286,78.001282,node_6_3
2026-08-08T17:00,22.4,69,0.474,330.0,793.6,31.083286,78.001282,node_6_3
2026-08-08T18:00,19.8,87,0.476,131.0,793.1,31.083286,78.001282,node_6_3
2026-08-08T19:00,18.0,98,0.476,12.0,792.5,31.083286,78.001282,node_6_3
2026-08-08T20:00,17.6,96,0.476,0.0,792.9,31.083286,78.001282,node_6_3
2026-08-08T21:00,17.3,95,0.476,0.0,793.6,31.083286,78.001282,node_6_3
2026-08-08T22:00,17.4,91,0.475,0.0,794.1,31.083286,78.001282,node_6_3
2026-08-08T23:00,18.2,92,0.475,0.0,794.4,31.083286,78.001282,node_6_3
2026-08-09T00:00,17.4,92,0.477,0.0,794.1,31.083286,78.001282,node_6_3
2026-08-09T01:00,16.5,96,0.477,0.0,793.0,31.083286,78.001282,node_6_3
2026-08-09T02:00,16.5,96,0.477,0.0,792.9,31.083286,78.001282,node_6_3
2026-08-09T03:00,16.4,95,0.477,0.0,792.5,31.083286,78.001282,node_6_3
2026-08-09T04:00,15.9,97,0.476,0.0,792.4,31.083286,78.001282,node_6_3
2026-08-09T05:00,16.7,98,0.474,0.0,793.1,31.083286,78.001282,node_6_3
2026-08-09T06:00,16.8,96,0.474,19.0,793.3,31.083286,78.001282,node_6_3
2026-08-09T07:00,17.3,97,0.473,116.0,793.9,31.083286,78.001282,node_6_3
2026-08-09T08:00,18.8,90,0.474,256.0,794.6,31.083286,78.001282,node_6_3
2026-08-09T09:00,20.4,81,0.475,403.0,795.0,31.083286,78.001282,node_6_3
2026-08-09T10:00,22.1,74,0.476,678.0,795.5,31.083286,78.001282,node_6_3
2026-08-09T11:00,24.6,57,0.478,836.0,796.1,31.083286,78.001282,node_6_3
2026-08-09T12:00,24.3,59,0.478,856.0,795.4,31.083286,78.001282,node_6_3
2026-08-09T13:00,24.0,64,0.48,886.0,794.6,31.083286,78.001282,node_6_3
2026-08-09T14:00,23.5,73,0.489,732.0,794.4,31.083286,78.001282,node_6_3
2026-08-09T15:00,23.0,82,0.513,550.0,794.4,31.083286,78.001282,node_6_3
2026-08-09T16:00,21.7,81,0.51,452.0,793.7,31.083286,78.001282,node_6_3
2026-08-09T17:00,22.8,72,0.49,275.0,792.7,31.083286,78.001282,node_6_3
2026-08-09T18:00,21.1,83,0.488,134.0,792.1,31.083286,78.001282,node_6_3
2026-08-09T19:00,19.3,91,0.487,12.0,791.9,31.083286,78.001282,node_6_3
2026-08-09T20:00,18.6,95,0.487,0.0,792.6,31.083286,78.001282,node_6_3
2026-08-09T21:00,18.3,97,0.489,0.0,793.4,31.083286,78.001282,node_6_3
2026-08-09T22:00,18.0,99,0.494,0.0,793.5,31.083286,78.001282,node_6_3
2026-08-09T23:00,17.7,99,0.498,0.0,793.1,31.083286,78.001282,node_6_3
2026-08-10T00:00,17.7,96,0.501,0.0,792.7,31.083286,78.001282,node_6_3
2026-08-10T01:00,17.5,98,0.503,0.0,792.3,31.083286,78.001282,node_6_3
2026-08-10T02:00,17.3,98,0.504,0.0,792.0,31.083286,78.001282,node_6_3
2026-08-10T03:00,17.2,99,0.501,0.0,791.6,31.083286,78.001282,node_6_3
2026-08-10T04:00,17.2,99,0.5,0.0,791.9,31.083286,78.001282,node_6_3
2026-08-10T05:00,17.6,99,0.497,0.0,791.2,31.083286,78.001282,node_6_3
2026-08-10T06:00,17.8,99,0.498,13.0,791.6,31.083286,78.001282,node_6_3
2026-08-10T07:00,18.3,100,0.5,88.0,792.2,31.083286,78.001282,node_6_3
2026-08-10T08:00,18.4,100,0.512,125.0,792.4,31.083286,78.001282,node_6_3
2026-08-10T09:00,18.8,100,0.517,157.0,792.8,31.083286,78.001282,node_6_3
2026-08-10T10:00,19.0,99,0.517,229.0,793.0,31.083286,78.001282,node_6_3
2026-08-10T11:00,18.3,97,0.521,304.0,792.6,31.083286,78.001282,node_6_3
2026-08-10T12:00,18.9,99,0.515,298.0,793.1,31.083286,78.001282,node_6_3
2026-08-10T13:00,19.3,98,0.518,386.0,792.5,31.083286,78.001282,node_6_3
2026-08-10T14:00,19.3,98,0.519,326.0,792.0,31.083286,78.001282,node_6_3
2026-08-10T15:00,19.3,97,0.5,339.0,791.7,31.083286,78.001282,node_6_3
2026-08-10T16:00,18.8,97,0.52,309.0,791.2,31.083286,78.001282,node_6_3
2026-08-10T17:00,18.7,97,0.503,140.0,791.4,31.083286,78.001282,node_6_3
2026-08-10T18:00,18.3,100,0.503,85.0,791.3,31.083286,78.001282,node_6_3
2026-08-10T19:00,17.9,100,0.501,7.0,791.3,31.083286,78.001282,node_6_3
2026-08-10T20:00,17.7,100,0.5,0.0,791.9,31.083286,78.001282,node_6_3
2026-08-10T21:00,17.4,100,0.499,0.0,792.3,31.083286,78.001282,node_6_3
2026-08-10T22:00,17.6,99,0.503,0.0,792.7,31.083286,78.001282,node_6_3
2026-08-10T23:00,17.7,99,0.506,0.0,791.8,31.083286,78.001282,node_6_3
2026-08-11T00:00,17.0,100,0.505,0.0,791.1,31.083286,78.001282,node_6_3
2026-08-11T01:00,16.6,98,0.508,0.0,790.8,31.083286,78.001282,node_6_3
2026-08-11T02:00,16.7,100,0.512,0.0,790.9,31.083286,78.001282,node_6_3
2026-08-11T03:00,16.7,100,0.519,0.0,790.9,31.083286,78.001282,node_6_3
2026-08-11T04:00,16.7,100,0.519,0.0,790.8,31.083286,78.001282,node_6_3
2026-08-11T05:00,17.0,100,0.515,0.0,791.5,31.083286,78.001282,node_6_3
2026-08-11T06:00,16.9,100,0.518,4.0,791.8,31.083286,78.001282,node_6_3
2026-08-11T07:00,17.1,99,0.515,48.0,792.0,31.083286,78.001282,node_6_3
2026-08-11T08:00,17.7,98,0.511,179.0,792.9,31.083286,78.001282,node_6_3
2026-08-11T09:00,18.2,94,0.507,205.0,793.1,31.083286,78.001282,node_6_3
2026-08-11T10:00,19.3,89,0.505,344.0,793.9,31.083286,78.001282,node_6_3
2026-08-11T11:00,18.8,92,0.505,422.0,793.9,31.083286,78.001282,node_6_3
2026-08-11T12:00,19.4,87,0.504,321.0,794.0,31.083286,78.001282,node_6_3
2026-08-11T13:00,19.1,88,0.502,171.0,793.3,31.083286,78.001282,node_6_3
2026-08-11T14:00,20.3,82,0.502,207.0,793.6,31.083286,78.001282,node_6_3
2026-08-11T15:00,20.6,81,0.502,363.0,793.0,31.083286,78.001282,node_6_3
2026-08-11T16:00,21.1,78,0.501,383.0,792.6,31.083286,78.001282,node_6_3
2026-08-11T17:00,18.3,96,0.511,210.0,792.5,31.083286,78.001282,node_6_3
2026-08-11T18:00,18.3,98,0.508,38.0,791.9,31.083286,78.001282,node_6_3
2026-08-11T19:00,17.8,99,0.505,6.0,791.5,31.083286,78.001282,node_6_3
2026-08-11T20:00,17.6,98,0.503,0.0,792.3,31.083286,78.001282,node_6_3
2026-08-11T21:00,17.2,96,0.501,0.0,792.1,31.083286,78.001282,node_6_3
2026-08-11T22:00,16.8,96,0.5,0.0,792.3,31.083286,78.001282,node_6_3
2026-08-11T23:00,16.8,96,0.499,0.0,792.1,31.083286,78.001282,node_6_3
2026-08-12T00:00,15.8,97,0.497,0.0,791.6,31.083286,78.001282,node_6_3
2026-08-12T01:00,15.5,96,0.497,0.0,791.5,31.083286,78.001282,node_6_3
2026-08-12T02:00,15.2,95,0.496,0.0,791.5,31.083286,78.001282,node_6_3
2026-08-12T03:00,14.9,96,0.495,0.0,790.9,31.083286,78.001282,node_6_3
2026-08-12T04:00,14.6,98,0.494,0.0,790.3,31.083286,78.001282,node_6_3
2026-08-12T05:00,15.3,90,0.494,0.0,790.7,31.083286,78.001282,node_6_3
2026-08-12T06:00,15.4,93,0.493,28.0,791.1,31.083286,78.001282,node_6_3
2026-08-12T07:00,18.2,97,0.493,175.0,793.1,31.083286,78.001282,node_6_3
2026-08-12T08:00,20.2,84,0.492,385.0,794.6,31.083286,78.001282,node_6_3
2026-08-12T09:00,23.5,61,0.49,597.0,796.1,31.083286,78.001282,node_6_3
2026-08-12T10:00,25.9,52,0.488,755.0,796.7,31.083286,78.001282,node_6_3
2026-08-12T11:00,27.8,44,0.491,879.0,796.6,31.083286,78.001282,node_6_3
2026-08-12T12:00,28.6,39,0.488,856.0,796.5,31.083286,78.001282,node_6_3
2026-08-12T13:00,28.9,36,0.485,872.0,796.0,31.083286,78.001282,node_6_3
2026-08-12T14:00,28.2,38,0.483,692.0,795.8,31.083286,78.001282,node_6_3
2026-08-12T15:00,26.5,48,0.483,598.0,794.8,31.083286,78.001282,node_6_3
2026-08-12T16:00,26.1,51,0.484,504.0,794.6,31.083286,78.001282,node_6_3
2026-08-12T17:00,25.4,54,0.478,305.0,794.1,31.083286,78.001282,node_6_3
2026-08-12T18:00,22.8,74,0.478,143.0,793.7,31.083286,78.001282,node_6_3
2026-08-12T19:00,20.5,82,0.478,11.0,793.8,31.083286,78.001282,node_6_3
2026-08-12T20:00,18.8,92,0.485,0.0,794.8,31.083286,78.001282,node_6_3
2026-08-12T21:00,18.0,95,0.489,0.0,795.6,31.083286,78.001282,node_6_3
2026-08-12T22:00,17.9,92,0.49,0.0,795.5,31.083286,78.001282,node_6_3
2026-08-12T23:00,19.0,88,0.492,0.0,795.6,31.083286,78.001282,node_6_3
2026-08-13T00:00,18.3,87,0.493,0.0,794.9,31.083286,78.001282,node_6_3
2026-08-13T01:00,17.3,90,0.492,0.0,793.7,31.083286,78.001282,node_6_3
2026-08-13T02:00,15.8,96,0.491,0.0,792.2,31.083286,78.001282,node_6_3
2026-08-13T03:00,15.2,98,0.491,0.0,791.4,31.083286,78.001282,node_6_3
2026-08-13T04:00,14.8,99,0.49,0.0,791.3,31.083286,78.001282,node_6_3
2026-08-13T05:00,14.4,99,0.48,0.0,790.9,31.083286,78.001282,node_6_3
2026-08-13T06:00,14.5,100,0.48,24.0,791.2,31.083286,78.001282,node_6_3
2026-08-13T07:00,17.2,96,0.48,147.0,792.7,31.083286,78.001282,node_6_3
2026-08-13T08:00,20.6,82,0.479,351.0,794.8,31.083286,78.001282,node_6_3
2026-08-13T09:00,23.2,69,0.478,585.0,795.2,31.083286,78.001282,node_6_3
2026-08-13T10:00,25.9,55,0.476,765.0,796.1,31.083286,78.001282,node_6_3
2026-08-13T11:00,26.7,53,0.481,819.0,796.6,31.083286,78.001282,node_6_3
2026-08-13T12:00,26.7,55,0.48,881.0,796.4,31.083286,78.001282,node_6_3
2026-08-13T13:00,22.6,82,0.486,754.0,794.4,31.083286,78.001282,node_6_3
2026-08-13T14:00,21.9,82,0.49,768.0,794.5,31.083286,78.001282,node_6_3
2026-08-13T15:00,23.3,76,0.492,563.0,793.8,31.083286,78.001282,node_6_3
2026-08-13T16:00,22.4,76,0.493,509.0,793.1,31.083286,78.001282,node_6_3
2026-08-13T17:00,19.6,95,0.479,240.0,792.7,31.083286,78.001282,node_6_3
2026-08-13T18:00,18.8,97,0.479,115.0,792.7,31.083286,78.001282,node_6_3
2026-08-13T19:00,18.5,99,0.479,7.0,793.0,31.083286,78.001282,node_6_3
2026-08-13T20:00,18.2,99,0.478,0.0,793.3,31.083286,78.001282,node_6_3
2026-08-13T21:00,17.7,100,0.478,0.0,793.1,31.083286,78.001282,node_6_3
2026-08-13T22:00,17.1,100,0.478,0.0,792.9,31.083286,78.001282,node_6_3
2026-08-13T23:00,17.0,100,0.477,0.0,792.0,31.083286,78.001282,node_6_3
2026-08-14T00:00,16.0,100,0.477,0.0,791.5,31.083286,78.001282,node_6_3
2026-08-14T01:00,15.3,100,0.476,0.0,791.1,31.083286,78.001282,node_6_3
2026-08-14T02:00,15.1,100,0.476,0.0,790.8,31.083286,78.001282,node_6_3
2026-08-14T03:00,15.0,98,0.476,0.0,790.6,31.083286,78.001282,node_6_3
2026-08-14T04:00,14.5,99,0.475,0.0,790.0,31.083286,78.001282,node_6_3
2026-08-14T05:00,18.2,97,0.472,0.0,792.2,31.083286,78.001282,node_6_3
2026-08-14T06:00,18.4,96,0.471,16.0,792.6,31.083286,78.001282,node_6_3
2026-08-14T07:00,18.8,93,0.471,126.0,792.9,31.083286,78.001282,node_6_3
2026-08-14T08:00,21.1,81,0.472,303.0,794.1,31.083286,78.001282,node_6_3
2026-08-14T09:00,19.5,88,0.476,451.0,793.8,31.083286,78.001282,node_6_3
2026-08-14T10:00,20.5,86,0.481,538.0,794.6,31.083286,78.001282,node_6_3
2026-08-14T11:00,24.5,62,0.484,637.0,795.8,31.083286,78.001282,node_6_3
2026-08-14T12:00,20.2,88,0.515,553.0,794.4,31.083286,78.001282,node_6_3
2026-08-14T13:00,19.5,94,0.513,579.0,794.2,31.083286,78.001282,node_6_3
2026-08-14T14:00,21.2,89,0.508,654.0,794.3,31.083286,78.001282,node_6_3
2026-08-14T15:00,19.8,91,0.508,365.0,793.1,31.083286,78.001282,node_6_3
2026-08-14T16:00,18.6,98,0.517,173.0,793.1,31.083286,78.001282,node_6_3
2026-08-14T17:00,18.0,99,0.513,148.0,792.8,31.083286,78.001282,node_6_3
2026-08-14T18:00,17.7,100,0.51,47.0,792.1,31.083286,78.001282,node_6_3
2026-08-14T19:00,17.6,99,0.506,4.0,791.8,31.083286,78.001282,node_6_3
2026-08-14T20:00,17.6,100,0.503,0.0,792.4,31.083286,78.001282,node_6_3
2026-08-14T21:00,17.5,99,0.5,0.0,792.7,31.083286,78.001282,node_6_3
2026-08-14T22:00,17.1,100,0.499,0.0,793.0,31.083286,78.001282,node_6_3
2026-08-14T23:00,16.8,99,0.493,0.0,792.7,31.083286,78.001282,node_6_3
2026-08-15T00:00,16.5,100,0.496,0.0,792.4,31.083286,78.001282,node_6_3
2026-08-15T01:00,16.3,100,0.495,0.0,791.8,31.083286,78.001282,node_6_3
2026-08-15T02:00,15.5,100,0.494,0.0,791.1,31.083286,78.001282,node_6_3
2026-08-15T03:00,15.0,100,0.494,0.0,790.8,31.083286,78.001282,node_6_3
2026-08-15T04:00,14.7,100,0.493,0.0,790.8,31.083286,78.001282,node_6_3
2026-08-15T05:00,15.9,99,0.493,0.0,791.6,31.083286,78.001282,node_6_3
2026-08-15T06:00,15.9,100,0.492,21.0,792.0,31.083286,78.001282,node_6_3
2026-08-15T07:00,17.4,96,0.491,130.0,793.2,31.083286,78.001282,node_6_3
2026-08-15T08:00,18.4,94,0.492,279.0,794.0,31.083286,78.001282,node_6_3
2026-08-15T09:00,20.3,86,0.491,423.0,794.8,31.083286,78.001282,node_6_3
2026-08-15T10:00,22.7,73,0.49,686.0,795.8,31.083286,78.001282,node_6_3
2026-08-15T11:00,24.0,61,0.489,805.0,796.0,31.083286,78.001282,node_6_3
2026-08-15T12:00,24.7,60,0.488,872.0,795.6,31.083286,78.001282,node_6_3
2026-08-15T13:00,25.4,56,0.485,791.0,795.0,31.083286,78.001282,node_6_3
2026-08-15T14:00,26.0,53,0.483,703.0,794.3,31.083286,78.001282,node_6_3
2026-08-15T15:00,24.8,58,0.481,541.0,793.0,31.083286,78.001282,node_6_3
2026-08-15T16:00,21.5,87,0.49,464.0,791.3,31.083286,78.001282,node_6_3
2026-08-15T17:00,24.1,58,0.481,278.0,792.0,31.083286,78.001282,node_6_3
2026-08-15T18:00,20.9,79,0.481,126.0,790.9,31.083286,78.001282,node_6_3
2026-08-15T19:00,18.8,87,0.482,8.0,791.2,31.083286,78.001282,node_6_3
2026-08-15T20:00,18.2,96,0.486,0.0,792.1,31.083286,78.001282,node_6_3
2026-08-15T21:00,17.9,97,0.494,0.0,792.5,31.083286,78.001282,node_6_3
2026-08-15T22:00,17.5,95,0.496,0.0,792.4,31.083286,78.001282,node_6_3
2026-08-15T23:00,17.5,98,0.502,0.0,792.0,31.083286,78.001282,node_6_3
2026-08-16T00:00,17.0,99,0.499,0.0,791.4,31.083286,78.001282,node_6_3
2026-08-16T01:00,17.1,100,0.497,0.0,791.1,31.083286,78.001282,node_6_3
2026-08-16T02:00,17.1,100,0.496,0.0,790.5,31.083286,78.001282,node_6_3
2026-08-16T03:00,17.0,100,0.494,0.0,790.3,31.083286,78.001282,node_6_3
2026-08-16T04:00,17.1,96,0.493,0.0,790.7,31.083286,78.001282,node_6_3
2026-08-16T05:00,16.5,97,0.485,0.0,790.0,31.083286,78.001282,node_6_3
2026-08-16T06:00,16.5,99,0.485,18.0,790.3,31.083286,78.001282,node_6_3
2026-08-16T07:00,17.5,96,0.484,96.0,791.3,31.083286,78.001282,node_6_3
2026-08-16T08:00,20.8,77,0.484,303.0,793.1,31.083286,78.001282,node_6_3
2026-08-16T09:00,21.7,72,0.482,524.0,793.2,31.083286,78.001282,node_6_3
2026-08-16T10:00,23.9,60,0.48,743.0,793.6,31.083286,78.001282,node_6_3
2026-08-16T11:00,23.2,63,0.479,845.0,793.2,31.083286,78.001282,node_6_3
2026-08-16T12:00,24.7,61,0.48,887.0,793.8,31.083286,78.001282,node_6_3
2026-08-16T13:00,25.5,58,0.478,724.0,793.5,31.083286,78.001282,node_6_3
2026-08-16T14:00,25.1,61,0.477,722.0,792.2,31.083286,78.001282,node_6_3
2026-08-16T15:00,19.4,99,0.511,342.0,791.1,31.083286,78.001282,node_6_3
2026-08-16T16:00,19.4,98,0.511,390.0,791.1,31.083286,78.001282,node_6_3
2026-08-16T17:00,18.9,96,0.505,310.0,791.1,31.083286,78.001282,node_6_3
2026-08-16T18:00,18.8,97,0.506,89.0,790.9,31.083286,78.001282,node_6_3
2026-08-16T19:00,17.7,99,0.506,7.0,790.8,31.083286,78.001282,node_6_3
2026-08-16T20:00,17.6,100,0.503,0.0,791.6,31.083286,78.001282,node_6_3
2026-08-16T21:00,17.7,98,0.501,0.0,792.1,31.083286,78.001282,node_6_3
2026-08-16T22:00,17.6,96,0.5,0.0,792.2,31.083286,78.001282,node_6_3
2026-08-16T23:00,17.7,96,0.5,0.0,791.6,31.083286,78.001282,node_6_3
2026-08-17T00:00,17.3,96,0.499,0.0,791.3,31.083286,78.001282,node_6_3
2026-08-17T01:00,17.0,97,0.497,0.0,790.9,31.083286,78.001282,node_6_3
2026-08-17T02:00,16.8,97,0.496,0.0,790.6,31.083286,78.001282,node_6_3
2026-08-17T03:00,16.7,97,0.495,0.0,790.4,31.083286,78.001282,node_6_3
2026-08-17T04:00,16.4,97,0.494,0.0,790.1,31.083286,78.001282,node_6_3
2026-08-17T05:00,16.8,98,0.492,0.0,790.9,31.083286,78.001282,node_6_3
2026-08-17T06:00,16.8,98,0.492,20.0,791.4,31.083286,78.001282,node_6_3
2026-08-17T07:00,17.5,95,0.491,147.0,791.6,31.083286,78.001282,node_6_3
2026-08-17T08:00,19.4,84,0.49,362.0,792.3,31.083286,78.001282,node_6_3
2026-08-17T09:00,22.0,67,0.489,580.0,793.4,31.083286,78.001282,node_6_3
2026-08-17T10:00,24.0,57,0.487,726.0,794.3,31.083286,78.001282,node_6_3
2026-08-17T11:00,25.5,51,0.488,853.0,794.7,31.083286,78.001282,node_6_3
2026-08-17T12:00,26.2,49,0.485,943.0,794.4,31.083286,78.001282,node_6_3
2026-08-17T13:00,26.3,50,0.486,889.0,793.9,31.083286,78.001282,node_6_3
2026-08-17T14:00,26.3,49,0.485,771.0,793.3,31.083286,78.001282,node_6_3
2026-08-17T15:00,20.2,94,0.503,494.0,791.7,31.083286,78.001282,node_6_3
2026-08-17T16:00,19.1,98,0.515,428.0,791.3,31.083286,78.001282,node_6_3
2026-08-17T17:00,18.6,95,0.524,245.0,791.5,31.083286,78.001282,node_6_3
2026-08-17T18:00,18.1,99,0.506,102.0,791.3,31.083286,78.001282,node_6_3
2026-08-17T19:00,17.8,97,0.505,5.0,791.8,31.083286,78.001282,node_6_3
2026-08-17T20:00,17.3,96,0.504,0.0,792.1,31.083286,78.001282,node_6_3
2026-08-17T21:00,17.0,97,0.502,0.0,792.0,31.083286,78.001282,node_6_3
2026-08-17T22:00,17.0,96,0.501,0.0,792.5,31.083286,78.001282,node_6_3
2026-08-17T23:00,17.5,97,0.499,0.0,792.2,31.083286,78.001282,node_6_3
2026-08-18T00:00,17.2,97,0.498,0.0,792.0,31.083286,78.001282,node_6_3
2026-08-18T01:00,17.0,93,0.5,0.0,791.7,31.083286,78.001282,node_6_3
2026-08-18T02:00,16.6,96,0.5,0.0,791.0,31.083286,78.001282,node_6_3
2026-08-18T03:00,15.7,98,0.499,0.0,789.9,31.083286,78.001282,node_6_3
2026-08-18T04:00,15.2,99,0.498,0.0,789.6,31.083286,78.001282,node_6_3
2026-08-18T05:00,16.4,99,0.501,0.0,791.0,31.083286,78.001282,node_6_3
2026-08-18T06:00,16.3,100,0.5,18.0,791.5,31.083286,78.001282,node_6_3
2026-08-18T07:00,17.7,96,0.498,135.0,792.1,31.083286,78.001282,node_6_3
2026-08-18T08:00,19.9,86,0.497,374.0,793.1,31.083286,78.001282,node_6_3
2026-08-18T09:00,22.2,74,0.495,567.0,794.5,31.083286,78.001282,node_6_3
2026-08-18T10:00,24.0,66,0.493,745.0,795.2,31.083286,78.001282,node_6_3
2026-08-18T11:00,23.4,61,0.49,790.0,796.0,31.083286,78.001282,node_6_3
2026-08-18T12:00,23.4,65,0.49,601.0,795.6,31.083286,78.001282,node_6_3
2026-08-18T13:00,20.5,82,0.492,595.0,794.3,31.083286,78.001282,node_6_3
2026-08-18T14:00,19.9,87,0.494,495.0,793.9,31.083286,78.001282,node_6_3
2026-08-18T15:00,21.1,77,0.493,454.0,793.8,31.083286,78.001282,node_6_3
2026-08-18T16:00,21.2,74,0.492,417.0,793.5,31.083286,78.001282,node_6_3
2026-08-18T17:00,18.6,95,0.512,235.0,792.6,31.083286,78.001282,node_6_3
2026-08-18T18:00,17.7,97,0.512,67.0,792.8,31.083286,78.001282,node_6_3
2026-08-18T19:00,17.1,98,0.51,4.0,793.1,31.083286,78.001282,node_6_3
2026-08-18T20:00,17.0,99,0.507,0.0,793.4,31.083286,78.001282,node_6_3
2026-08-18T21:00,16.8,99,0.505,0.0,793.7,31.083286,78.001282,node_6_3
2026-08-18T22:00,16.7,98,0.503,0.0,793.6,31.083286,78.001282,node_6_3
2026-08-18T23:00,17.3,98,0.501,0.0,793.8,31.083286,78.001282,node_6_3
